total in seconds,datetime(utc),channels,AlviraPotentialDronePlots_timestamp,AlviraPotentialDronPlot_id,AlviraPotentialDronPlot_rcs,AlviraPotentiaDronPlotsPlot_timestamp,AlviraPotentiaDronPlotPlotPosition_altitude,AlviraPotentialDronPlotsPlotPosition_latitude,AlviraPotentialDronPlotsPlotPosition_longitude,AlviraTracks_timestamp,AlviraTracksTrack_id,AlviraTracksTrack_Timestamp,AlviraTracksTrackPosition_Latitude,AlviraTracksTrackPosition_Longitude,AlviraTracksTrackPosition_Altitude,AlviraTracksTrackVelocity_Azimuth,AlviraTracksTrackVelocity_Elevation,AlviraTracksTrackVelocity_Speed,AlviraTracksTrack_Classification,AlviraTracksTrack_Reflection,AlviraTracksTrack_Score,AlviraTracksTrack_Alarm,AlviraSystemStatus_timestamp,AlviraSystemStatus_Name,AlviraSystemStatus_Version,AlviraSystemStatus_OperationalState,AlviraSystemStatusSensor_Name,AlviraSystemStatusSensor_Version,AlviraSystemStatusSensor_OperationalState,AlviraSystemStatusSensorPosition_Latitude,AlviraSystemStatusSensorPosition_Longitude,AlviraSystemStatusSensorPosition_Altitude,AlviraSystemStatusSensorStatusOrientetation_Azimuth,AlviraSystemStatusSensorStatusOrientetation_Elevation,AlviraSystemStatusSensorStatus_SensorType,AlviraSystemStatusSensorStatusBlankSector_Angle,AlviraSystemStatusSensorStatusBlankSector_Span,AlviraSystemStatusSensorStatusProcessing_Sensitivity,SystemStatusSensorStatus_Messages
1601387029,2020-09-29 13:43:49,,,,,,,,,2020-09-29T13:43:49.495Z,,,,,,,,,,,,,,,,,,,,,,,,,,,,,
1601387030,2020-09-29 13:43:50,,,,,,,,,2020-09-29T13:43:50.795Z,,,,,,,,,,,,,,,,,,,,,,,,,,,,,
1601387031,2020-09-29 13:43:51,,,,,,,,,2020-09-29T13:43:52.101Z,,,,,,,,,,,,,,,,,,,,,,,,,,,,,
1601387033,2020-09-29 13:43:53,,,,,,,,,2020-09-29T13:43:53.401Z,,,,,,,,,,,,,,,,,,,,,,,,,,,,,
1601387034,2020-09-29 13:43:54,,,,,,,,,2020-09-29T13:43:54.714Z,,,,,,,,,,,,,,,,,,,,,,,,,,,,,
1601387035,2020-09-29 13:43:55,,,,,,,,,2020-09-29T13:43:56.014Z,,,,,,,,,,,,,,,,,,,,,,,,,,,,,
1601387037,2020-09-29 13:43:57,,,,,,,,,2020-09-29T13:43:57.316Z,,,,,,,,,,,,,,,,,,,,,,,,,,,,,
1601387038,2020-09-29 13:43:58,,,,,,,,,2020-09-29T13:43:58.622Z,,,,,,,,,,,,,,,,,,,,,,,,,,,,,
1601387039,2020-09-29 13:43:59,,,,,,,,,2020-09-29T13:43:59.923Z,,,,,,,,,,,,,,,,,,,,,,,,,,,,,
1601387041,2020-09-29 13:44:01,,,,,,,,,2020-09-29T13:44:01.229Z,,,,,,,,,,,,,,,,,,,,,,,,,,,,,
1601387042,2020-09-29 13:44:02,,,,,,,,,2020-09-29T13:44:02.530Z,,2020-09-29T13:44:01.219Z,51.51953899,5.85829757,23.56376677,43.02510071,0.0,3.76716971,DRONE,5.88480054,0.67215759,True,,,,,,,,,,,,,,,,,
1601387043,2020-09-29 13:44:03,,,,,,,,,2020-09-29T13:44:03.834Z,,2020-09-29T13:44:02.512Z,51.51960017,5.85843665,22.87203868,46.53901291,0.0,7.5637908,DRONE,7.3959265,0.73752838,True,,,,,,,,,,,,,,,,,
1601387044,2020-09-29 13:44:04,,,,,,,,,2020-09-29T13:44:05.136Z,,2020-09-29T13:44:03.801Z,51.51967508,5.85862811,22.02437456,51.44711685,0.0,10.50453281,DRONE,12.1682582,0.78990752,True,,,,,,,,,,,,,,,,,
1601387046,2020-09-29 13:44:06,,,,,,,,,2020-09-29T13:44:06.439Z,,2020-09-29T13:44:05.087Z,51.51974379,5.85884382,21.3442952,59.89143372,0.0,11.81314468,DRONE,12.16871517,0.83189517,True,,,,,,,,,,,,,,,,,
1601387047,2020-09-29 13:44:07,,,,,,,,,2020-09-29T13:44:07.744Z,,2020-09-29T13:44:07.627Z,51.51987852,5.85933852,20.59986702,65.89058685,0.0,14.21829414,DRONE,11.92015758,0.85191905,True,,,,,,,,,,,,,,,,,
1601387048,2020-09-29 13:44:08,,,,,,,,,2020-09-29T13:44:09.045Z,,2020-09-29T13:44:08.916Z,51.51995147,5.85956789,20.36103931,63.94355011,0.0,14.06593132,DRONE,11.66783295,0.88153476,True,,,,,,,,,,,,,,,,,
1601387050,2020-09-29 13:44:10,,,,,,,,,2020-09-29T13:44:10.353Z,,2020-09-29T13:44:10.207Z,51.51999469,5.85969908,20.32013668,63.29853439,0.0,10.99917507,DRONE,11.44608463,0.90513903,True,,,,,,,,,,,,,,,,,
1601387051,2020-09-29 13:44:11,,,,,,,,,2020-09-29T13:44:11.652Z,,2020-09-29T13:44:11.488Z,51.52005603,5.8599016,20.44718189,64.16713715,0.0,11.7922678,DRONE,11.22251441,0.92410851,True,,,,,,,,,,,,,,,,,
1601387052,2020-09-29 13:44:12,,,,,,,,,2020-09-29T13:44:12.959Z,,2020-09-29T13:44:12.773Z,51.52011806,5.86010682,20.71176364,64.2040863,0.0,12.08681488,DRONE,11.06844776,0.93928671,True,,,,,,,,,,,,,,,,,
1601387054,2020-09-29 13:44:14,,,,,,,,,2020-09-29T13:44:14.260Z,,2020-09-29T13:44:14.060Z,51.52017516,5.86030138,21.10301031,64.49710083,0.0,11.79183578,DRONE,10.94913243,0.95142925,True,,,,,,,,,,,,,,,,,
1601387055,2020-09-29 13:44:15,,,,,,,,,2020-09-29T13:44:15.564Z,,2020-09-29T13:44:15.344Z,51.52024051,5.86050664,21.60031608,63.50008011,0.0,12.09922123,DRONE,10.7851449,0.96114308,True,,,,,,,,,,,,,,,,,
1601387056,2020-09-29 13:44:16,,,,,,,,,2020-09-29T13:44:16.867Z,,2020-09-29T13:44:16.632Z,51.52030445,5.86070886,22.19986493,63.16658020000001,0.0,12.14473724,DRONE,10.76997244,0.96891439,True,,,,,,,,,,,,,,,,,
1601387057,2020-09-29 13:44:17,,,,,,,,,2020-09-29T13:44:18.173Z,,2020-09-29T13:44:17.918Z,51.52037524,5.86091848,22.9387031,62.22424698,0.0,12.50577259,DRONE,10.75115607,0.97513115,True,,,,,,,,,,,,,,,,,
1601387059,2020-09-29 13:44:19,,,,,,,,,2020-09-29T13:44:19.472Z,,2020-09-29T13:44:19.209Z,51.52043722,5.86111682,23.75759592,62.64348984,0.0,12.13856888,DRONE,10.59031894,0.98010468,True,,,,,,,,,,,,,,,,,
1601387060,2020-09-29 13:44:20,,,,,,,,,2020-09-29T13:44:20.779Z,,2020-09-29T13:44:20.500Z,51.52049772,5.861315900000001,24.66139311,63.64473343,0.0,12.02222919,DRONE,13.45925251,0.98408353,True,,,,,,,,,,,,,,,,,
1601387061,2020-09-29 13:44:21,,,,,,,,,2020-09-29T13:44:22.079Z,,2020-09-29T13:44:21.794Z,51.52055094,5.86151439,25.65035708,65.37083435,0.0,11.83464336,DRONE,14.88062435,0.98726648,True,,,,,,,,,,,,,,,,,
1601387063,2020-09-29 13:44:23,,,,,,,,,2020-09-29T13:44:23.387Z,,2020-09-29T13:44:23.089Z,51.52059529,5.861704799999999,26.66706646,67.05420685,0.0,11.38428974,DRONE,16.21320242,0.98981231,True,,,,,,,,,,,,,,,,,
1601387064,2020-09-29 13:44:24,,,,,,,,,2020-09-29T13:44:24.687Z,,2020-09-29T13:44:24.381Z,51.52065525,5.86190499,27.73555102,65.85984039,0.0,11.6046133,DRONE,17.17506008,0.99184966,True,,,,,,,,,,,,,,,,,
1601387065,2020-09-29 13:44:25,,,,,,,,,2020-09-29T13:44:25.992Z,,2020-09-29T13:44:25.675Z,51.5207311,5.86211456,28.86486582,63.28866577,0.0,12.18353558,DRONE,17.06796694,0.99347818,True,,,,,,,,,,,,,,,,,
1601387067,2020-09-29 13:44:27,,,,,,,,,2020-09-29T13:44:27.294Z,,2020-09-29T13:44:26.972Z,51.52078859,5.86231378,30.01533088,63.94816589,0.0,11.97357368,DRONE,17.33665048,0.99478239,True,,,,,,,,,,,,,,,,,
1601387068,2020-09-29 13:44:28,,,,,,,,,2020-09-29T13:44:28.601Z,,2020-09-29T13:44:28.268Z,51.52084577,5.86251815,31.21760527,64.97405243,0.0,12.06620884,DRONE,17.40066156,0.99582571,True,,,,,,,,,,,,,,,,,
1601387069,2020-09-29 13:44:29,,,,,,,,,2020-09-29T13:44:29.900Z,,2020-09-29T13:44:29.562Z,51.52092415,5.86272247,32.4342861,62.15981674,0.0,12.28347301,DRONE,17.410080899999997,0.99665892,True,,,,,,,,,,,,,,,,,
1601387070,2020-09-29 13:44:30,,,,,,,,,2020-09-29T13:44:31.207Z,,2020-09-29T13:44:30.860Z,51.5209907,5.86292596,33.67127739,62.21591949,0.0,12.28956127,DRONE,17.72385793,0.99732709,True,,,,,,,,,,,,,,,,,
1601387072,2020-09-29 13:44:32,,,,,,,,,2020-09-29T13:44:32.509Z,,2020-09-29T13:44:32.158Z,51.52105849,5.86312802,34.90620495,62.00648499,0.0,12.26976585,DRONE,17.91425237,0.99786162,True,,,,,,,,,,,,,,,,,
1601387073,2020-09-29 13:44:33,,,,,,,,,2020-09-29T13:44:33.820Z,,2020-09-29T13:44:33.456Z,51.52112499,5.86332859,36.15990117,61.93319702,0.0,12.21324921,DRONE,17.88147941,0.99828923,True,,,,,,,,,,,,,,,,,
1601387074,2020-09-29 13:44:34,,,,,,,,,2020-09-29T13:44:35.115Z,,2020-09-29T13:44:34.756Z,51.52118043,5.86353119,37.45821439,63.19843292,0.0,12.12239456,SUSPECTED_DRONE,17.79700594,0.9986304,True,,,,,,,,,,,,,,,,,
1601387076,2020-09-29 13:44:36,,,,,,,,,2020-09-29T13:44:36.422Z,,2020-09-29T13:44:36.055Z,51.52124122,5.86373352,38.77849949,63.49575806,0.0,12.09169483,SUSPECTED_DRONE,17.92269113,0.99890417,True,,,,,,,,,,,,,,,,,
1601387077,2020-09-29 13:44:37,,,,,,,,,2020-09-29T13:44:37.722Z,,2020-09-29T13:44:37.353Z,51.52131436,5.86393033,40.08953953,62.0765686,0.0,12.05239296,SUSPECTED_DRONE,17.84601818,0.99912256,True,,,,,,,,,,,,,,,,,
1601387078,2020-09-29 13:44:38,,,,,,,,,2020-09-29T13:44:39.024Z,,2020-09-29T13:44:38.654Z,51.52137385,5.86413552,41.45874081,63.23116684,0.0,12.18736362,SUSPECTED_DRONE,18.41557071,0.99929678,True,,,,,,,,,,,,,,,,,
1601387080,2020-09-29 13:44:40,,,,,,,,,2020-09-29T13:44:40.330Z,,2020-09-29T13:44:39.955Z,51.52143056,5.86433979,42.84569117,64.19182587,0.0,12.10226917,SUSPECTED_DRONE,19.023716600000004,0.9994368,True,,,,,,,,,,,,,,,,,
1601387081,2020-09-29 13:44:41,,,,,,,,,,,,,,,,,,,,,,2020-09-29T13:44:42.140Z,Elvira,2.2.4 (REL-2.2.x 22467),operational,Elvira Search,2.2.4 (REL-2.2.x 22467),operational,51.52126391,5.85862734,5.0,,,SearchRadar,0.0,0.0,,
1601387081,2020-09-29 13:44:41,,,,,,,,,2020-09-29T13:44:41.634Z,,2020-09-29T13:44:41.255Z,51.52148495,5.86454169,44.27734153,64.95864105,0.0,11.94408894,SUSPECTED_DRONE,19.10474897,0.99954915,True,,,,,,,,,,,,,,,,,
1601387082,2020-09-29 13:44:42,,,,,,,,,2020-09-29T13:44:42.937Z,,2020-09-29T13:44:42.556Z,51.52153956,5.86474096,45.66412873,65.28411102,0.0,11.80571842,SUSPECTED_DRONE,19.06392633,0.99963927,True,,,,,,,,,,,,,,,,,
1601387084,2020-09-29 13:44:44,,,,,,,,,2020-09-29T13:44:44.237Z,,2020-09-29T13:44:43.857Z,51.52158841,5.8649489,47.06396288,66.95050049,0.0,12.00367737,SUSPECTED_DRONE,19.15174249,0.99971068,True,,,,,,,,,,,,,,,,,
1601387085,2020-09-29 13:44:45,,,,,,,,,2020-09-29T13:44:45.543Z,,2020-09-29T13:44:45.158Z,51.5216422,5.86515213,48.47464456,66.83537292,0.0,11.84992886,SUSPECTED_DRONE,19.08890066,0.9997685,True,,,,,,,,,,,,,,,,,
1601387086,2020-09-29 13:44:46,,,,,,,,,2020-09-29T13:44:46.846Z,,2020-09-29T13:44:46.457Z,51.52171896,5.86535192,49.87096855,63.3478241,0.0,12.07660103,SUSPECTED_DRONE,19.01968493,0.99980849,True,,,,,,,,,,,,,,,,,
1601387087,2020-09-29 13:44:47,,,,,,,,,2020-09-29T13:44:48.150Z,,2020-09-29T13:44:47.759Z,51.52178821,5.86554698,51.21315974,61.89190674,0.0,11.8737421,SUSPECTED_DRONE,19.00631831,0.99984485,True,,,,,,,,,,,,,,,,,
1601387089,2020-09-29 13:44:49,,,,,,,,,2020-09-29T13:44:49.454Z,,2020-09-29T13:44:49.061Z,51.52184963,5.86575189,52.60278056,62.99966431,0.0,12.1127758,SUSPECTED_DRONE,19.19157275,0.99987364,True,,,,,,,,,,,,,,,,,
1601387090,2020-09-29 13:44:50,,,,,,,,,2020-09-29T13:44:50.757Z,,2020-09-29T13:44:50.362Z,51.52190591,5.86595963,53.99906409,64.17852020000001,0.0,12.15834522,SUSPECTED_DRONE,19.50852643,0.99989825,True,,,,,,,,,,,,,,,,,
1601387091,2020-09-29 13:44:51,,,,,,,,,2020-09-29T13:44:52.059Z,,2020-09-29T13:44:51.663Z,51.52196199,5.86616205,55.38414435,64.59619141,0.0,11.99007034,SUSPECTED_DRONE,19.57221018,0.99991822,True,,,,,,,,,,,,,,,,,
1601387093,2020-09-29 13:44:53,,,,,,,,,2020-09-29T13:44:53.364Z,,2020-09-29T13:44:52.965Z,51.52201935,5.86636219,56.77115372,64.68938446,0.0,11.86032677,SUSPECTED_DRONE,19.58726807,0.99993438,True,,,,,,,,,,,,,,,,,
1601387094,2020-09-29 13:44:54,,,,,,,,,2020-09-29T13:44:54.667Z,,2020-09-29T13:44:54.266Z,51.52207658,5.86656581,58.18942812,65.02410126,0.0,11.92140675,SUSPECTED_DRONE,19.70099954,0.99994731,True,,,,,,,,,,,,,,,,,
1601387095,2020-09-29 13:44:55,,,,,,,,,2020-09-29T13:44:55.968Z,,2020-09-29T13:44:55.568Z,51.52213125,5.8667595,59.56256241,64.960289,0.0,11.61191845,SUSPECTED_DRONE,19.75033193,0.99995703,True,,,,,,,,,,,,,,,,,
1601387097,2020-09-29 13:44:57,,,,,,,,,2020-09-29T13:44:57.274Z,,2020-09-29T13:44:56.867Z,51.5222225,5.86686754,60.56048176,53.70745468,0.0,9.0196991,SUSPECTED_DRONE,19.66970458,0.99917257,True,,,,,,,,,,,,,,,,,
1601387098,2020-09-29 13:44:58,,,,,,,,,2020-09-29T13:44:58.575Z,,2020-09-29T13:44:56.867Z,51.5222225,5.86686754,60.56048176,53.70745468,0.0,9.0196991,SUSPECTED_DRONE,19.66970458,0.99917257,True,,,,,,,,,,,,,,,,,
1601387099,2020-09-29 13:44:59,,,,,,,,,2020-09-29T13:44:59.882Z,,2020-09-29T13:44:56.867Z,51.5222225,5.86686754,60.56048176,53.70745468,0.0,9.0196991,SUSPECTED_DRONE,19.66970458,0.99917257,True,,,,,,,,,,,,,,,,,
1601387100,2020-09-29 13:45:00,,,,,,,,,2020-09-29T13:45:01.181Z,,2020-09-29T13:44:56.867Z,51.5222225,5.86686754,60.56048176,53.70745468,0.0,9.0196991,SUSPECTED_DRONE,19.66970458,0.99917257,True,,,,,,,,,,,,,,,,,
1601387102,2020-09-29 13:45:02,,,,,,,,,2020-09-29T13:45:02.488Z,,2020-09-29T13:44:56.867Z,51.5222225,5.86686754,60.56048176,53.70745468,0.0,9.0196991,SUSPECTED_DRONE,19.66970458,0.99917257,True,,,,,,,,,,,,,,,,,
1601387103,2020-09-29 13:45:03,,,,,,,,,2020-09-29T13:45:03.790Z,,2020-09-29T13:44:56.867Z,51.5222225,5.86686754,60.56048176,53.70745468,0.0,9.0196991,SUSPECTED_DRONE,19.66970458,0.99917257,True,,,,,,,,,,,,,,,,,
1601387104,2020-09-29 13:45:04,,,,,,,,,2020-09-29T13:45:05.096Z,,2020-09-29T13:44:56.867Z,51.5222225,5.86686754,60.56048176,53.70745468,0.0,9.0196991,SUSPECTED_DRONE,19.66970458,0.99917257,True,,,,,,,,,,,,,,,,,
1601387106,2020-09-29 13:45:06,,,,,,,,,2020-09-29T13:45:06.395Z,,2020-09-29T13:44:56.867Z,51.5222225,5.86686754,60.56048176,53.70745468,0.0,9.0196991,SUSPECTED_DRONE,19.66970458,0.99917257,True,,,,,,,,,,,,,,,,,
1601387107,2020-09-29 13:45:07,,,,,,,,,2020-09-29T13:45:07.702Z,,2020-09-29T13:44:56.867Z,51.5222225,5.86686754,60.56048176,53.70745468,0.0,9.0196991,SUSPECTED_DRONE,19.66970458,0.99917257,True,,,,,,,,,,,,,,,,,
1601387108,2020-09-29 13:45:08,,,,,,,,,2020-09-29T13:45:09.003Z,,,,,,,,,,,,,,,,,,,,,,,,,,,,,
1601387110,2020-09-29 13:45:10,,,,,,,,,2020-09-29T13:45:10.304Z,,,,,,,,,,,,,,,,,,,,,,,,,,,,,
1601387111,2020-09-29 13:45:11,,,,,,,,,2020-09-29T13:45:11.611Z,,,,,,,,,,,,,,,,,,,,,,,,,,,,,
1601387112,2020-09-29 13:45:12,,,,,,,,,2020-09-29T13:45:12.913Z,,,,,,,,,,,,,,,,,,,,,,,,,,,,,
1601387113,2020-09-29 13:45:13,,,,,,,,,2020-09-29T13:45:14.217Z,,,,,,,,,,,,,,,,,,,,,,,,,,,,,
1601387115,2020-09-29 13:45:15,,,,,,,,,2020-09-29T13:45:15.519Z,,,,,,,,,,,,,,,,,,,,,,,,,,,,,
1601387116,2020-09-29 13:45:16,,,,,,,,,2020-09-29T13:45:16.824Z,,,,,,,,,,,,,,,,,,,,,,,,,,,,,
1601387117,2020-09-29 13:45:17,,,,,,,,,2020-09-29T13:45:18.127Z,,,,,,,,,,,,,,,,,,,,,,,,,,,,,
1601387119,2020-09-29 13:45:19,,,,,,,,,2020-09-29T13:45:19.431Z,,,,,,,,,,,,,,,,,,,,,,,,,,,,,
1601387120,2020-09-29 13:45:20,,,,,,,,,2020-09-29T13:45:20.733Z,,,,,,,,,,,,,,,,,,,,,,,,,,,,,
1601387121,2020-09-29 13:45:21,,,,,,,,,2020-09-29T13:45:22.034Z,,,,,,,,,,,,,,,,,,,,,,,,,,,,,
1601387123,2020-09-29 13:45:23,,,,,,,,,2020-09-29T13:45:23.340Z,,,,,,,,,,,,,,,,,,,,,,,,,,,,,
1601387124,2020-09-29 13:45:24,,,,,,,,,2020-09-29T13:45:24.648Z,,,,,,,,,,,,,,,,,,,,,,,,,,,,,
1601387125,2020-09-29 13:45:25,,,,,,,,,2020-09-29T13:45:25.947Z,,,,,,,,,,,,,,,,,,,,,,,,,,,,,
1601387127,2020-09-29 13:45:27,,,,,,,,,2020-09-29T13:45:27.253Z,,,,,,,,,,,,,,,,,,,,,,,,,,,,,
1601387128,2020-09-29 13:45:28,,,,,,,,,2020-09-29T13:45:28.555Z,,,,,,,,,,,,,,,,,,,,,,,,,,,,,
1601387129,2020-09-29 13:45:29,,,,,,,,,2020-09-29T13:45:29.856Z,,,,,,,,,,,,,,,,,,,,,,,,,,,,,
1601387146,2020-09-29 13:45:46,,,,,,,,,,,,,,,,,,,,,,2020-09-29T13:45:42.141Z,Elvira,2.2.4 (REL-2.2.x 22467),operational,Elvira Search,2.2.4 (REL-2.2.x 22467),operational,51.52126391,5.85862734,5.0,,,SearchRadar,0.0,0.0,,
1601387146,2020-09-29 13:45:46,,,,,,,,,2020-09-29T13:45:31.161Z,,,,,,,,,,,,,,,,,,,,,,,,,,,,,
1601387146,2020-09-29 13:45:46,,,,,,,,,2020-09-29T13:45:32.461Z,,2020-09-29T13:45:32.129Z,51.52085236,5.86276035,33.04067391,242.0761261,0.0,11.79905128,DRONE,24.23073055,0.9774729,True,,,,,,,,,,,,,,,,,
1601387146,2020-09-29 13:45:46,,,,,,,,,2020-09-29T13:45:37.676Z,,2020-09-29T13:45:37.374Z,51.52059934,5.86198246,28.4938469,242.52430725,0.0,11.6196909,DRONE,24.3018447,0.99077272,True,,,,,,,,,,,,,,,,,
1601387146,2020-09-29 13:45:46,,,,,,,,,2020-09-29T13:45:35.069Z,,2020-09-29T13:45:34.750Z,51.52072222,5.86237028,30.71325458,241.88508606,0.0,11.70512772,DRONE,24.40025429,0.98558253,True,,,,,,,,,,,,,,,,,
1601387146,2020-09-29 13:45:46,,,,,,,,,2020-09-29T13:45:36.376Z,,2020-09-29T13:45:36.061Z,51.52066318,5.86217863,29.5815292,242.45858765,0.0,11.540658,DRONE,24.38266325,0.98846591,True,,,,,,,,,,,,,,,,,
1601387146,2020-09-29 13:45:46,,,,,,,,,2020-09-29T13:45:33.768Z,,2020-09-29T13:45:33.441Z,51.52078485,5.86256361,31.86094039,241.78349304,0.0,11.81331921,DRONE,24.27462735,0.98197824,True,,,,,,,,,,,,,,,,,
1601387146,2020-09-29 13:45:46,,,,,,,,,2020-09-29T13:45:42.892Z,,2020-09-29T13:45:42.634Z,51.52033927,5.86115543,24.55693987,243.73399353,0.0,12.2870512,DRONE,24.46914394,0.99622011,True,,,,,,,,,,,,,,,,,
1601387146,2020-09-29 13:45:46,,,,,,,,,2020-09-29T13:45:40.285Z,,2020-09-29T13:45:40.000Z,51.5204689,5.86157774,26.42786445,243.41967773,0.0,11.91914654,DRONE,24.31264339,0.99409419,True,,,,,,,,,,,,,,,,,
1601387146,2020-09-29 13:45:46,,,,,,,,,2020-09-29T13:45:41.590Z,,2020-09-29T13:45:41.316Z,51.52040734,5.86136829,25.45580124,244.16192627,0.0,12.06497097,DRONE,24.35736364,0.99527532,True,,,,,,,,,,,,,,,,,
1601387146,2020-09-29 13:45:46,,,,,,,,,2020-09-29T13:45:38.984Z,,2020-09-29T13:45:38.688Z,51.52052797,5.86177875,27.45131643,241.95426941,0.0,11.95476055,DRONE,24.31039108,0.99261796,True,,,,,,,,,,,,,,,,,
1601387146,2020-09-29 13:45:46,,,,,,,,,2020-09-29T13:45:44.192Z,,2020-09-29T13:45:43.950Z,51.5202778,5.86094132,23.70008741,244.73742676,0.0,12.38752556,DRONE,24.37188505,0.99697602,True,,,,,,,,,,,,,,,,,
1601387146,2020-09-29 13:45:46,,,,,,,,,2020-09-29T13:45:45.499Z,,2020-09-29T13:45:45.272Z,51.52020692,5.86071898,22.95675308,243.78096008,0.0,12.72706318,DRONE,24.46175071,0.99758047,True,,,,,,,,,,,,,,,,,
1601387146,2020-09-29 13:45:46,,,,,,,,,2020-09-29T13:45:46.798Z,,2020-09-29T13:45:46.596Z,51.52012266,5.8604789,22.3585337,242.16952515,0.0,13.52400112,DRONE,24.34688893,0.99806207,True,,,,,,,,,,,,,,,,,
1601387147,2020-09-29 13:45:47,,,,,,,,,2020-09-29T13:45:48.103Z,,2020-09-29T13:45:47.916Z,51.52005064,5.86026128,21.93518979,241.76898193,0.0,13.21717548,DRONE,24.21873388,0.99844956,True,,,,,,,,,,,,,,,,,
1601387149,2020-09-29 13:45:49,,,,,,,,,2020-09-29T13:45:49.408Z,,2020-09-29T13:45:49.241Z,51.51997006,5.86002583,21.6755694,241.49636841,0.0,13.66814709,DRONE,24.09217586,0.99875933,True,,,,,,,,,,,,,,,,,
1601387150,2020-09-29 13:45:50,,,,,,,,,2020-09-29T13:45:50.713Z,,2020-09-29T13:45:50.567Z,51.51988688,5.85978193,21.60192546,241.39512634,0.0,14.17960739,DRONE,23.97054995,0.99900699,True,,,,,,,,,,,,,,,,,
1601387151,2020-09-29 13:45:51,,,,,,,,,2020-09-29T13:45:52.014Z,,2020-09-29T13:45:51.882Z,51.51982878,5.85961234,21.67720973,241.29879761,0.0,11.56966591,DRONE,23.85072334,0.99913067,True,,,,,,,,,,,,,,,,,
1601387153,2020-09-29 13:45:53,,,,,,,,,2020-09-29T13:45:53.316Z,,2020-09-29T13:45:53.201Z,51.51976692,5.85945886,21.93185482,237.57156372,0.0,10.39721584,DRONE,23.73273599,0.9992938,True,,,,,,,,,,,,,,,,,
1601387154,2020-09-29 13:45:54,,,,,,,,,2020-09-29T13:45:54.620Z,,2020-09-29T13:45:53.201Z,51.51976692,5.85945886,21.93185482,237.57156372,0.0,10.39721584,DRONE,23.73273599,0.9992938,True,,,,,,,,,,,,,,,,,
1601387155,2020-09-29 13:45:55,,,,,,,,,2020-09-29T13:45:55.920Z,,2020-09-29T13:45:54.556Z,51.51966424,5.85909354,22.36714877,244.60528564,0.0,16.42915916,DRONE,23.62188614,0.99870479,True,,,,,,,,,,,,,,,,,
1601387157,2020-09-29 13:45:57,,,,,,,,,2020-09-29T13:45:57.223Z,,2020-09-29T13:45:55.877Z,51.5195898,5.85883103,22.9192849,246.06567383,0.0,15.41979313,DRONE,23.53315511,0.99895877,True,,,,,,,,,,,,,,,,,
1601387158,2020-09-29 13:45:58,,,,,,,,,2020-09-29T13:45:58.530Z,,2020-09-29T13:45:57.196Z,51.51952066,5.85860191,23.60191573,245.22915649,0.0,14.06766987,DRONE,23.65673562,0.99915105,True,,,,,,,,,,,,,,,,,
1601387159,2020-09-29 13:45:59,,,,,,,,,2020-09-29T13:45:59.831Z,,2020-09-29T13:45:58.515Z,51.51945023,5.85838702,24.42735269,243.5826416,0.0,13.36295033,DRONE,23.57521159,0.99931777,True,,,,,,,,,,,,,,,,,
1601387160,2020-09-29 13:46:00,,,,,,,,,2020-09-29T13:46:01.136Z,,2020-09-29T13:45:59.832Z,51.51937774,5.85818208,25.35844999,241.98185730000003,0.0,12.93018818,DRONE,23.50032331,0.99945331,True,,,,,,,,,,,,,,,,,
1601387162,2020-09-29 13:46:02,,,,,,,,,2020-09-29T13:46:02.436Z,,2020-09-29T13:46:01.149Z,51.51930575,5.85797147,26.36172581,241.67579651,0.0,12.79843998,DRONE,23.43158445,0.99956262,True,,,,,,,,,,,,,,,,,
1601387163,2020-09-29 13:46:03,,,,,,,,,2020-09-29T13:46:03.742Z,,2020-09-29T13:46:02.461Z,51.51923097,5.85777573,27.43100827,240.19287109,0.0,12.52850151,DRONE,23.33426348,0.99964947,True,,,,,,,,,,,,,,,,,
1601387164,2020-09-29 13:46:04,,,,,,,,,2020-09-29T13:46:05.044Z,,2020-09-29T13:46:03.786Z,51.51916921,5.85748798,28.56559566,245.00527954,0.0,13.77332306,DRONE,23.24318696,0.99965203,True,,,,,,,,,,,,,,,,,
1601387166,2020-09-29 13:46:06,,,,,,,,,2020-09-29T13:46:06.349Z,,2020-09-29T13:46:05.107Z,51.5191435,5.85708522,29.7446535,253.96917725,0.0,15.9178896,DRONE,23.14933846,0.99944198,True,,,,,,,,,,,,,,,,,
1601387167,2020-09-29 13:46:07,,,,,,,,,2020-09-29T13:46:07.652Z,,2020-09-29T13:46:06.416Z,51.51908867,5.85681962,30.98625939,253.50219727,0.0,15.4274168,DRONE,23.06784207,0.9995476,True,,,,,,,,,,,,,,,,,
1601387168,2020-09-29 13:46:08,,,,,,,,,2020-09-29T13:46:08.952Z,,2020-09-29T13:46:07.723Z,51.51902238,5.85659903,32.311599,250.39074707,0.0,14.30010796,DRONE,23.05892738,0.99958569,True,,,,,,,,,,,,,,,,,
1601387170,2020-09-29 13:46:10,,,,,,,,,2020-09-29T13:46:10.258Z,,2020-09-29T13:46:09.032Z,51.51894205,5.85642001,33.73280618,244.5358429,0.0,13.10901928,SUSPECTED_DRONE,23.01129926,0.99961138,True,,,,,,,,,,,,,,,,,
1601387171,2020-09-29 13:46:11,,,,,,,,,2020-09-29T13:46:11.559Z,,2020-09-29T13:46:10.338Z,51.51884844,5.85626236,35.15780276,237.06147766,0.0,12.49519444,SUSPECTED_DRONE,22.98823468,0.9996385,True,,,,,,,,,,,,,,,,,
1601387172,2020-09-29 13:46:12,,,,,,,,,2020-09-29T13:46:12.866Z,,2020-09-29T13:46:11.646Z,51.51875179,5.85609389,36.64002407,232.85144043,0.0,12.48116493,SUSPECTED_DRONE,23.02961469,0.99970502,True,,,,,,,,,,,,,,,,,
1601387173,2020-09-29 13:46:13,,,,,,,,,2020-09-29T13:46:14.167Z,,2020-09-29T13:46:12.951Z,51.5186559,5.85592176,38.09980465,231.01864624,0.0,12.45047283,SUSPECTED_DRONE,22.99583511,0.99976271,True,,,,,,,,,,,,,,,,,
1601387175,2020-09-29 13:46:15,,,,,,,,,2020-09-29T13:46:15.467Z,,2020-09-29T13:46:14.259Z,51.51856354,5.85572868,39.58991808,231.30526733,0.0,12.82816982,SUSPECTED_DRONE,22.92833196,0.99980956,True,,,,,,,,,,,,,,,,,
1601387176,2020-09-29 13:46:16,,,,,,,,,2020-09-29T13:46:16.796Z,,2020-09-29T13:46:15.567Z,51.51847662,5.85551131,41.19214092,233.76481628,0.0,13.40396309,SUSPECTED_DRONE,22.91488665,0.99984342,True,,,,,,,,,,,,,,,,,
1601387177,2020-09-29 13:46:17,,,,,,,,,2020-09-29T13:46:18.076Z,,2020-09-29T13:46:16.873Z,51.51839288,5.8552851,42.81567009,236.02561951,0.0,13.64682102,SUSPECTED_DRONE,22.84457873,0.99987352,True,,,,,,,,,,,,,,,,,
1601387179,2020-09-29 13:46:19,,,,,,,,,2020-09-29T13:46:19.381Z,,2020-09-29T13:46:18.182Z,51.51831488,5.85504205,44.43147787,238.6519165,0.0,14.05617428,SUSPECTED_DRONE,22.79858847,0.99989361,True,,,,,,,,,,,,,,,,,
1601387180,2020-09-29 13:46:20,,,,,,,,,2020-09-29T13:46:20.682Z,,2020-09-29T13:46:19.488Z,51.51824372,5.85479356,46.03539263,241.23974609,0.0,14.1339941,SUSPECTED_DRONE,22.72348257,0.99991357,True,,,,,,,,,,,,,,,,,
1601387181,2020-09-29 13:46:21,,,,,,,,,2020-09-29T13:46:21.983Z,,2020-09-29T13:46:20.791Z,51.51815823,5.85458974,47.57172087,239.84529114,0.0,13.49645519,SUSPECTED_DRONE,22.65598802,0.99992448,True,,,,,,,,,,,,,,,,,
1601387183,2020-09-29 13:46:23,,,,,,,,,2020-09-29T13:46:23.289Z,,2020-09-29T13:46:20.791Z,51.51815823,5.85458974,47.57172087,239.84529114,0.0,13.49645519,SUSPECTED_DRONE,22.65598802,0.99992448,True,,,,,,,,,,,,,,,,,
1601387184,2020-09-29 13:46:24,,,,,,,,,2020-09-29T13:46:24.596Z,,2020-09-29T13:46:20.791Z,51.51815823,5.85458974,47.57172087,239.84529114,0.0,13.49645519,SUSPECTED_DRONE,22.65598802,0.99992448,True,,,,,,,,,,,,,,,,,
1601387185,2020-09-29 13:46:25,,,,,,,,,2020-09-29T13:46:25.895Z,,2020-09-29T13:46:20.791Z,51.51815823,5.85458974,47.57172087,239.84529114,0.0,13.49645519,SUSPECTED_DRONE,22.65598802,0.99992448,True,,,,,,,,,,,,,,,,,
1601387186,2020-09-29 13:46:26,,,,,,,,,2020-09-29T13:46:27.197Z,,2020-09-29T13:46:20.791Z,51.51815823,5.85458974,47.57172087,239.84529114,0.0,13.49645519,SUSPECTED_DRONE,22.65598802,0.99992448,True,,,,,,,,,,,,,,,,,
1601387188,2020-09-29 13:46:28,,,,,,,,,2020-09-29T13:46:28.504Z,,2020-09-29T13:46:20.791Z,51.51815823,5.85458974,47.57172087,239.84529114,0.0,13.49645519,SUSPECTED_DRONE,22.65598802,0.99992448,True,,,,,,,,,,,,,,,,,
1601387189,2020-09-29 13:46:29,,,,,,,,,2020-09-29T13:46:29.804Z,,2020-09-29T13:46:20.791Z,51.51815823,5.85458974,47.57172087,239.84529114,0.0,13.49645519,SUSPECTED_DRONE,22.65598802,0.99992448,True,,,,,,,,,,,,,,,,,
1601387190,2020-09-29 13:46:30,,,,,,,,,2020-09-29T13:46:31.106Z,,2020-09-29T13:46:20.791Z,51.51815823,5.85458974,47.57172087,239.84529114,0.0,13.49645519,SUSPECTED_DRONE,22.65598802,0.99992448,True,,,,,,,,,,,,,,,,,
1601387192,2020-09-29 13:46:32,,,,,,,,,2020-09-29T13:46:32.413Z,,,,,,,,,,,,,,,,,,,,,,,,,,,,,
1601387193,2020-09-29 13:46:33,,,,,,,,,2020-09-29T13:46:33.712Z,,,,,,,,,,,,,,,,,,,,,,,,,,,,,
1601387194,2020-09-29 13:46:34,,,,,,,,,2020-09-29T13:46:35.017Z,,,,,,,,,,,,,,,,,,,,,,,,,,,,,
1601387196,2020-09-29 13:46:36,,,,,,,,,2020-09-29T13:46:36.319Z,,,,,,,,,,,,,,,,,,,,,,,,,,,,,
1601387197,2020-09-29 13:46:37,,,,,,,,,2020-09-29T13:46:37.626Z,,2020-09-29T13:46:37.199Z,51.52234717,5.86444191,46.13323278,242.78552246,0.0,23.23264885,DRONE,46.85126421,0.99801636,True,,,,,,,,,,,,,,,,,
1601387198,2020-09-29 13:46:38,,,,,,,,,2020-09-29T13:46:38.927Z,,2020-09-29T13:46:38.502Z,51.52223534,5.86406598,43.3106312,243.03839111,0.0,22.88893509,SUSPECTED_DRONE,46.7442128,0.99841064,True,,,,,,,,,,,,,,,,,
1601387200,2020-09-29 13:46:40,,,,,,,,,2020-09-29T13:46:40.233Z,,2020-09-29T13:46:39.822Z,51.52202898,5.86374524,40.58781241,238.69017029,0.0,22.7406292,SUSPECTED_DRONE,46.63408673,0.99862492,True,,,,,,,,,,,,,,,,,
1601387201,2020-09-29 13:46:41,,,,,,,,,2020-09-29T13:46:41.535Z,,2020-09-29T13:46:41.126Z,51.52188409,5.86340382,37.96750928,237.85527039,0.0,22.36985016,SUSPECTED_DRONE,46.55122932,0.99889547,True,,,,,,,,,,,,,,,,,
1601387202,2020-09-29 13:46:42,,,,,,,,,,,,,,,,,,,,,,2020-09-29T13:46:42.219Z,Elvira,2.2.4 (REL-2.2.x 22467),operational,Elvira Search,2.2.4 (REL-2.2.x 22467),operational,51.52126391,5.85862734,5.0,,,SearchRadar,0.0,0.0,,
1601387202,2020-09-29 13:46:42,,,,,,,,,2020-09-29T13:46:42.834Z,,2020-09-29T13:46:42.434Z,51.52175475,5.86308067,35.60962663,237.29742432,0.0,21.51531029,SUSPECTED_DRONE,46.44333348,0.99908894,True,,,,,,,,,,,,,,,,,
1601387203,2020-09-29 13:46:43,,,,,,,,,2020-09-29T13:46:44.141Z,,2020-09-29T13:46:43.683Z,51.5221767,5.86255631,33.19297306,273.09719849,0.0,21.29405022,SUSPECTED_DRONE,46.33643825,0.98253667,True,,,,,,,,,,,,,,,,,
1601387205,2020-09-29 13:46:45,,,,,,,,,2020-09-29T13:46:45.444Z,,2020-09-29T13:46:44.987Z,51.52226358,5.86212111,30.77353231,279.71255493,0.0,22.04292488,SUSPECTED_DRONE,46.2318461,0.9859156,True,,,,,,,,,,,,,,,,,
1601387206,2020-09-29 13:46:46,,,,,,,,,2020-09-29T13:46:46.750Z,,2020-09-29T13:46:46.264Z,51.52240642,5.86158794,28.32581242,285.70779419,0.0,26.72292328,SUSPECTED_DRONE,46.12970211,0.98701823,True,,,,,,,,,,,,,,,,,
1601387207,2020-09-29 13:46:47,,,,,,,,,2020-09-29T13:46:48.050Z,,2020-09-29T13:46:47.535Z,51.52255204,5.86099938,26.03498919,288.07644653,0.0,31.12953758,SUSPECTED_DRONE,46.02986065,0.98800731,True,,,,,,,,,,,,,,,,,
1601387209,2020-09-29 13:46:49,,,,,,,,,2020-09-29T13:46:49.358Z,,2020-09-29T13:46:47.535Z,51.52255204,5.86099938,26.03498919,288.07644653,0.0,31.12953758,SUSPECTED_DRONE,46.02986065,0.98800731,True,,,,,,,,,,,,,,,,,
1601387210,2020-09-29 13:46:50,,,,,,,,,2020-09-29T13:46:50.656Z,,2020-09-29T13:46:47.535Z,51.52255204,5.86099938,26.03498919,288.07644653,0.0,31.12953758,SUSPECTED_DRONE,46.02986065,0.98800731,True,,,,,,,,,,,,,,,,,
1601387211,2020-09-29 13:46:51,,,,,,,,,2020-09-29T13:46:51.963Z,,2020-09-29T13:46:47.535Z,51.52255204,5.86099938,26.03498919,288.07644653,0.0,31.12953758,SUSPECTED_DRONE,46.02986065,0.98800731,True,,,,,,,,,,,,,,,,,
1601387213,2020-09-29 13:46:53,,,,,,,,,2020-09-29T13:46:53.265Z,,2020-09-29T13:46:47.535Z,51.52255204,5.86099938,26.03498919,288.07644653,0.0,31.12953758,SUSPECTED_DRONE,46.02986065,0.98800731,True,,,,,,,,,,,,,,,,,
1601387214,2020-09-29 13:46:54,,,,,,,,,2020-09-29T13:46:54.571Z,,2020-09-29T13:46:47.535Z,51.52255204,5.86099938,26.03498919,288.07644653,0.0,31.12953758,SUSPECTED_DRONE,46.02986065,0.98800731,True,,,,,,,,,,,,,,,,,
1601387215,2020-09-29 13:46:55,,,,,,,,,2020-09-29T13:46:55.872Z,,2020-09-29T13:46:47.535Z,51.52255204,5.86099938,26.03498919,288.07644653,0.0,31.12953758,SUSPECTED_DRONE,46.02986065,0.98800731,True,,,,,,,,,,,,,,,,,
1601387216,2020-09-29 13:46:56,,,,,,,,,2020-09-29T13:46:57.179Z,,2020-09-29T13:46:47.535Z,51.52255204,5.86099938,26.03498919,288.07644653,0.0,31.12953758,SUSPECTED_DRONE,46.02986065,0.98800731,True,,,,,,,,,,,,,,,,,
1601387218,2020-09-29 13:46:58,,,,,,,,,2020-09-29T13:46:58.477Z,,2020-09-29T13:46:47.535Z,51.52255204,5.86099938,26.03498919,288.07644653,0.0,31.12953758,SUSPECTED_DRONE,46.02986065,0.98800731,True,,,,,,,,,,,,,,,,,
1601387219,2020-09-29 13:46:59,,,,,,,,,2020-09-29T13:46:59.785Z,,,,,,,,,,,,,,,,,,,,,,,,,,,,,
1601387220,2020-09-29 13:47:00,,,,,,,,,2020-09-29T13:47:01.084Z,,,,,,,,,,,,,,,,,,,,,,,,,,,,,
1601387222,2020-09-29 13:47:02,,,,,,,,,2020-09-29T13:47:02.386Z,,,,,,,,,,,,,,,,,,,,,,,,,,,,,
1601387223,2020-09-29 13:47:03,,,,,,,,,2020-09-29T13:47:03.694Z,,,,,,,,,,,,,,,,,,,,,,,,,,,,,
1601387224,2020-09-29 13:47:04,,,,,,,,,2020-09-29T13:47:04.995Z,,,,,,,,,,,,,,,,,,,,,,,,,,,,,
1601387226,2020-09-29 13:47:06,,,,,,,,,2020-09-29T13:47:06.300Z,,,,,,,,,,,,,,,,,,,,,,,,,,,,,
1601387227,2020-09-29 13:47:07,,,,,,,,,2020-09-29T13:47:07.600Z,,,,,,,,,,,,,,,,,,,,,,,,,,,,,
1601387228,2020-09-29 13:47:08,,,,,,,,,2020-09-29T13:47:08.907Z,,,,,,,,,,,,,,,,,,,,,,,,,,,,,
1601387229,2020-09-29 13:47:09,,,,,,,,,2020-09-29T13:47:10.209Z,,,,,,,,,,,,,,,,,,,,,,,,,,,,,
1601387231,2020-09-29 13:47:11,,,,,,,,,2020-09-29T13:47:11.514Z,,,,,,,,,,,,,,,,,,,,,,,,,,,,,
1601387232,2020-09-29 13:47:12,,,,,,,,,2020-09-29T13:47:12.815Z,,,,,,,,,,,,,,,,,,,,,,,,,,,,,
1601387233,2020-09-29 13:47:13,,,,,,,,,2020-09-29T13:47:14.120Z,,,,,,,,,,,,,,,,,,,,,,,,,,,,,
1601387235,2020-09-29 13:47:15,,,,,,,,,2020-09-29T13:47:15.422Z,,,,,,,,,,,,,,,,,,,,,,,,,,,,,
1601387236,2020-09-29 13:47:16,,,,,,,,,2020-09-29T13:47:16.723Z,,,,,,,,,,,,,,,,,,,,,,,,,,,,,
1601387237,2020-09-29 13:47:17,,,,,,,,,2020-09-29T13:47:18.030Z,,,,,,,,,,,,,,,,,,,,,,,,,,,,,
1601387239,2020-09-29 13:47:19,,,,,,,,,2020-09-29T13:47:19.331Z,,,,,,,,,,,,,,,,,,,,,,,,,,,,,
1601387240,2020-09-29 13:47:20,,,,,,,,,2020-09-29T13:47:20.637Z,,,,,,,,,,,,,,,,,,,,,,,,,,,,,
1601387241,2020-09-29 13:47:21,,,,,,,,,2020-09-29T13:47:21.939Z,,,,,,,,,,,,,,,,,,,,,,,,,,,,,
1601387243,2020-09-29 13:47:23,,,,,,,,,2020-09-29T13:47:23.243Z,,,,,,,,,,,,,,,,,,,,,,,,,,,,,
1601387244,2020-09-29 13:47:24,,,,,,,,,2020-09-29T13:47:24.543Z,,,,,,,,,,,,,,,,,,,,,,,,,,,,,
1601387245,2020-09-29 13:47:25,,,,,,,,,2020-09-29T13:47:25.846Z,,,,,,,,,,,,,,,,,,,,,,,,,,,,,
1601387246,2020-09-29 13:47:26,,,,,,,,,2020-09-29T13:47:27.152Z,,,,,,,,,,,,,,,,,,,,,,,,,,,,,
1601387248,2020-09-29 13:47:28,,,,,,,,,2020-09-29T13:47:28.453Z,,,,,,,,,,,,,,,,,,,,,,,,,,,,,
1601387249,2020-09-29 13:47:29,,,,,,,,,2020-09-29T13:47:29.757Z,,,,,,,,,,,,,,,,,,,,,,,,,,,,,
1601387250,2020-09-29 13:47:30,,,,,,,,,2020-09-29T13:47:31.061Z,,,,,,,,,,,,,,,,,,,,,,,,,,,,,
1601387252,2020-09-29 13:47:32,,,,,,,,,2020-09-29T13:47:32.368Z,,,,,,,,,,,,,,,,,,,,,,,,,,,,,
1601387253,2020-09-29 13:47:33,,,,,,,,,2020-09-29T13:47:33.667Z,,,,,,,,,,,,,,,,,,,,,,,,,,,,,
1601387254,2020-09-29 13:47:34,,,,,,,,,2020-09-29T13:47:34.972Z,,,,,,,,,,,,,,,,,,,,,,,,,,,,,
1601387256,2020-09-29 13:47:36,,,,,,,,,2020-09-29T13:47:36.274Z,,,,,,,,,,,,,,,,,,,,,,,,,,,,,
1601387257,2020-09-29 13:47:37,,,,,,,,,2020-09-29T13:47:37.578Z,,,,,,,,,,,,,,,,,,,,,,,,,,,,,
1601387258,2020-09-29 13:47:38,,,,,,,,,2020-09-29T13:47:38.883Z,,,,,,,,,,,,,,,,,,,,,,,,,,,,,
1601387259,2020-09-29 13:47:39,,,,,,,,,2020-09-29T13:47:40.181Z,,,,,,,,,,,,,,,,,,,,,,,,,,,,,
1601387261,2020-09-29 13:47:41,,,,,,,,,,,,,,,,,,,,,,2020-09-29T13:47:42.141Z,Elvira,2.2.4 (REL-2.2.x 22467),operational,Elvira Search,2.2.4 (REL-2.2.x 22467),operational,51.52126391,5.85862734,5.0,,,SearchRadar,0.0,0.0,,
1601387261,2020-09-29 13:47:41,,,,,,,,,2020-09-29T13:47:41.492Z,,,,,,,,,,,,,,,,,,,,,,,,,,,,,
1601387262,2020-09-29 13:47:42,,,,,,,,,2020-09-29T13:47:42.790Z,,,,,,,,,,,,,,,,,,,,,,,,,,,,,
1601387263,2020-09-29 13:47:43,,,,,,,,,2020-09-29T13:47:44.095Z,,,,,,,,,,,,,,,,,,,,,,,,,,,,,
1601387265,2020-09-29 13:47:45,,,,,,,,,2020-09-29T13:47:45.396Z,,,,,,,,,,,,,,,,,,,,,,,,,,,,,
1601387266,2020-09-29 13:47:46,,,,,,,,,2020-09-29T13:47:46.703Z,,,,,,,,,,,,,,,,,,,,,,,,,,,,,
1601387267,2020-09-29 13:47:47,,,,,,,,,2020-09-29T13:47:48.003Z,,,,,,,,,,,,,,,,,,,,,,,,,,,,,
1601387269,2020-09-29 13:47:49,,,,,,,,,2020-09-29T13:47:49.311Z,,,,,,,,,,,,,,,,,,,,,,,,,,,,,
1601387270,2020-09-29 13:47:50,,,,,,,,,2020-09-29T13:47:50.609Z,,,,,,,,,,,,,,,,,,,,,,,,,,,,,
1601387271,2020-09-29 13:47:51,,,,,,,,,2020-09-29T13:47:51.918Z,,,,,,,,,,,,,,,,,,,,,,,,,,,,,
1601387273,2020-09-29 13:47:53,,,,,,,,,2020-09-29T13:47:53.220Z,,2020-09-29T13:47:51.991Z,51.51893486,5.85653555,33.74965981,56.48097610000001,0.0,12.96949673,DRONE,23.26606044,0.73785293,True,,,,,,,,,,,,,,,,,
1601387274,2020-09-29 13:47:54,,,,,,,,,2020-09-29T13:47:54.526Z,,2020-09-29T13:47:53.289Z,51.51902053,5.8567227,32.27600677,55.52421188,0.0,12.68618011,DRONE,23.15544839,0.79028189,True,,,,,,,,,,,,,,,,,
1601387275,2020-09-29 13:47:55,,,,,,,,,2020-09-29T13:47:55.827Z,,2020-09-29T13:47:53.289Z,51.51902053,5.8567227,32.27600677,55.52421188,0.0,12.68618011,DRONE,23.15544839,0.79028189,True,,,,,,,,,,,,,,,,,
1601387276,2020-09-29 13:47:56,,,,,,,,,2020-09-29T13:47:57.131Z,,2020-09-29T13:47:53.289Z,51.51902053,5.8567227,32.27600677,55.52421188,0.0,12.68618011,DRONE,23.15544839,0.79028189,True,,,,,,,,,,,,,,,,,
1601387278,2020-09-29 13:47:58,,,,,,,,,2020-09-29T13:47:58.457Z,,2020-09-29T13:47:57.162Z,51.51921294,5.85748755,28.55919834,64.5251236,0.0,14.0881176,DRONE,22.87678662,0.78530675,True,,,,,,,,,,,,,,,,,
1601387279,2020-09-29 13:47:59,,,,,,,,,2020-09-29T13:47:59.734Z,,2020-09-29T13:47:58.450Z,51.51926536,5.85781027,27.25833621,67.37075043,0.0,14.94121742,DRONE,22.73905962,0.82820785,True,,,,,,,,,,,,,,,,,
1601387280,2020-09-29 13:48:00,,,,,,,,,2020-09-29T13:48:01.041Z,,2020-09-29T13:47:59.742Z,51.5193338,5.85806693,26.06354361,66.9213562,0.0,15.00356865,DRONE,22.96315103,0.86256623,True,,,,,,,,,,,,,,,,,
1601387282,2020-09-29 13:48:02,,,,,,,,,2020-09-29T13:48:02.342Z,,2020-09-29T13:48:01.031Z,51.51940744,5.85831189,24.99131967,65.6277771,0.0,14.90430069,SUSPECTED_DRONE,23.01561729,0.89005268,True,,,,,,,,,,,,,,,,,
1601387283,2020-09-29 13:48:03,,,,,,,,,2020-09-29T13:48:03.647Z,,2020-09-29T13:48:02.317Z,51.51948236,5.85855807,24.07287921,64.56114960000001,0.0,14.89008427,SUSPECTED_DRONE,22.78940814,0.91204202,True,,,,,,,,,,,,,,,,,
1601387284,2020-09-29 13:48:04,,,,,,,,,2020-09-29T13:48:04.950Z,,2020-09-29T13:48:03.604Z,51.51955687,5.85879428,23.3026657,63.74213791,0.0,14.54816818,DRONE,22.61383672,0.92963332,True,,,,,,,,,,,,,,,,,
1601387286,2020-09-29 13:48:06,,,,,,,,,2020-09-29T13:48:06.255Z,,2020-09-29T13:48:04.892Z,51.51962855,5.85897564,22.65692044,60.63590622,0.0,12.77010822,DRONE,22.37141696,0.94368702,True,,,,,,,,,,,,,,,,,
1601387287,2020-09-29 13:48:07,,,,,,,,,2020-09-29T13:48:07.559Z,,2020-09-29T13:48:07.435Z,51.51977637,5.85946407,21.88657698,63.78723145,0.0,14.53468418,DRONE,22.13962862,0.94134426,True,,,,,,,,,,,,,,,,,
1601387288,2020-09-29 13:48:08,,,,,,,,,2020-09-29T13:48:08.862Z,,2020-09-29T13:48:08.721Z,51.51985112,5.85971385,21.73636245,64.1071701,0.0,14.69664383,DRONE,21.9183408,0.95307535,True,,,,,,,,,,,,,,,,,
1601387289,2020-09-29 13:48:09,,,,,,,,,2020-09-29T13:48:10.163Z,,2020-09-29T13:48:10.001Z,51.51993093,5.85996494,21.78303223,63.26819229,0.0,14.91862011,DRONE,21.70704364,0.9624601,True,,,,,,,,,,,,,,,,,
1601387291,2020-09-29 13:48:11,,,,,,,,,2020-09-29T13:48:11.464Z,,2020-09-29T13:48:11.281Z,51.52001441,5.8602215,22.01465776,62.27561188,0.0,15.48496246,DRONE,21.50651172,0.96996641,True,,,,,,,,,,,,,,,,,
1601387292,2020-09-29 13:48:12,,,,,,,,,2020-09-29T13:48:12.770Z,,2020-09-29T13:48:12.569Z,51.52008571,5.86044149,22.41249562,62.11576462,0.0,13.72869968,DRONE,21.31538929,0.97593695,True,,,,,,,,,,,,,,,,,
1601387293,2020-09-29 13:48:13,,,,,,,,,2020-09-29T13:48:14.074Z,,2020-09-29T13:48:13.850Z,51.52016247,5.86067791,23.00041476,62.79430008,0.0,14.19140434,DRONE,21.14921615,0.98074901,True,,,,,,,,,,,,,,,,,
1601387295,2020-09-29 13:48:15,,,,,,,,,2020-09-29T13:48:15.381Z,,2020-09-29T13:48:15.134Z,51.52024637,5.86092262,23.72665308,61.70178604,0.0,14.67786217,DRONE,20.97705827,0.98459846,True,,,,,,,,,,,,,,,,,
1601387296,2020-09-29 13:48:16,,,,,,,,,2020-09-29T13:48:16.678Z,,2020-09-29T13:48:16.422Z,51.52032293,5.86115419,24.56062347,61.56069183,0.0,14.28251553,DRONE,20.86314982,0.98767835,True,,,,,,,,,,,,,,,,,
1601387297,2020-09-29 13:48:17,,,,,,,,,2020-09-29T13:48:17.987Z,,2020-09-29T13:48:17.710Z,51.52039529,5.86138326,25.52180653,62.45856094,0.0,14.05360222,DRONE,20.76614963,0.99014246,True,,,,,,,,,,,,,,,,,
1601387299,2020-09-29 13:48:19,,,,,,,,,2020-09-29T13:48:19.285Z,,2020-09-29T13:48:18.999Z,51.52047303,5.86161687,26.58044175,62.15668106,0.0,14.14698887,DRONE,20.8886599,0.99211395,True,,,,,,,,,,,,,,,,,
1601387300,2020-09-29 13:48:20,,,,,,,,,2020-09-29T13:48:20.588Z,,2020-09-29T13:48:18.999Z,51.52047303,5.86161687,26.58044175,62.15668106,0.0,14.14698887,DRONE,20.8886599,0.99211395,True,,,,,,,,,,,,,,,,,
1601387301,2020-09-29 13:48:21,,,,,,,,,2020-09-29T13:48:21.892Z,,2020-09-29T13:48:21.543Z,51.52102494,5.86220884,28.77820712,38.45031357,0.0,22.4713707,DRONE,20.7427379,0.97737229,True,,,,,,,,,,,,,,,,,
1601387302,2020-09-29 13:48:22,,,,,,,,,2020-09-29T13:48:23.194Z,,2020-09-29T13:48:21.543Z,51.52102494,5.86220884,28.77820712,38.45031357,0.0,22.4713707,DRONE,20.7427379,0.97737229,True,,,,,,,,,,,,,,,,,
1601387315,2020-09-29 13:48:35,,,,,,,,,,,,,,,,,,,,,,2020-09-29T13:48:35.548Z,Elvira,2.2.4 (REL-2.2.x 22467),operational,Elvira Search,2.2.4 (REL-2.2.x 22467),operational,51.52126391,5.85862734,5.0,,,SearchRadar,0.0,0.0,,
1601387316,2020-09-29 13:48:36,,,,,,,,,2020-09-29T13:48:36.231Z,,2020-09-29T13:48:35.851Z,51.5214343,5.86465937,45.01822982,65.82788086,0.0,13.76042271,SUSPECTED_DRONE,21.91872603,0.99253762,True,,,,,,,,,,,,,,,,,
1601387317,2020-09-29 13:48:37,,,,,,,,,2020-09-29T13:48:37.535Z,,2020-09-29T13:48:37.149Z,51.5215379,5.86489337,46.59282668,62.37846756,0.0,14.18337917,SUSPECTED_DRONE,21.84231853,0.99402046,True,,,,,,,,,,,,,,,,,
1601387318,2020-09-29 13:48:38,,,,,,,,,2020-09-29T13:48:38.836Z,,2020-09-29T13:48:38.451Z,51.52160709,5.86513009,48.16649817,63.09118271,0.0,14.11489201,SUSPECTED_DRONE,21.85039618,0.99521601,True,,,,,,,,,,,,,,,,,
1601387319,2020-09-29 13:48:39,,,,,,,,,2020-09-29T13:48:40.138Z,,2020-09-29T13:48:39.751Z,51.52168306,5.86536554,49.75301082,62.950477600000006,0.0,14.13101196,SUSPECTED_DRONE,21.98977329,0.99617267,True,,,,,,,,,,,,,,,,,
1601387321,2020-09-29 13:48:41,,,,,,,,,,,,,,,,,,,,,,2020-09-29T13:48:42.140Z,Elvira,2.2.4 (REL-2.2.x 22467),operational,Elvira Search,2.2.4 (REL-2.2.x 22467),operational,51.52126391,5.85862734,5.0,,,SearchRadar,0.0,0.0,,
1601387321,2020-09-29 13:48:41,,,,,,,,,2020-09-29T13:48:41.446Z,,2020-09-29T13:48:41.052Z,51.52176149,5.86560093,51.37938088,62.60817337,0.0,14.17904854,SUSPECTED_DRONE,22.30410156,0.99693793,True,,,,,,,,,,,,,,,,,
1601387322,2020-09-29 13:48:42,,,,,,,,,2020-09-29T13:48:42.744Z,,2020-09-29T13:48:42.352Z,51.52183865,5.86583543,53.08893961,62.42789459,0.0,14.15972328,SUSPECTED_DRONE,22.53472229,0.99755025,True,,,,,,,,,,,,,,,,,
1601387323,2020-09-29 13:48:43,,,,,,,,,2020-09-29T13:48:44.050Z,,2020-09-29T13:48:43.654Z,51.52191334,5.86607066,54.79034676,62.59316254,0.0,14.13562107,SUSPECTED_DRONE,23.21773263,0.99804014,True,,,,,,,,,,,,,,,,,
1601387325,2020-09-29 13:48:45,,,,,,,,,2020-09-29T13:48:45.352Z,,2020-09-29T13:48:44.954Z,51.52199162,5.86630322,56.48074859,62.27186584,0.0,14.10964775,SUSPECTED_DRONE,23.37522454,0.99843204,True,,,,,,,,,,,,,,,,,
1601387326,2020-09-29 13:48:46,,,,,,,,,2020-09-29T13:48:46.657Z,,2020-09-29T13:48:46.256Z,51.52205635,5.86653984,58.14170705,63.47681046,0.0,13.99629116,SUSPECTED_DRONE,23.60960259,0.99874508,True,,,,,,,,,,,,,,,,,
1601387327,2020-09-29 13:48:47,,,,,,,,,2020-09-29T13:48:47.957Z,,2020-09-29T13:48:47.558Z,51.52211611,5.86674142,59.59875418,62.96930313,0.0,12.77367401,SUSPECTED_DRONE,23.70312903,0.99898523,True,,,,,,,,,,,,,,,,,
1601387329,2020-09-29 13:48:49,,,,,,,,,2020-09-29T13:48:49.268Z,,2020-09-29T13:48:48.858Z,51.52219071,5.86683907,60.55264115,54.77700043,0.0,9.85489655,SUSPECTED_DRONE,23.61910932,0.99870098,True,,,,,,,,,,,,,,,,,
1601387330,2020-09-29 13:48:50,,,,,,,,,2020-09-29T13:48:50.563Z,,2020-09-29T13:48:50.163Z,51.52220445,5.8669112,61.10954006,46.38079834,0.0,5.24186468,SUSPECTED_DRONE,23.53654932,0.99673247,True,,,,,,,,,,,,,,,,,
1601387331,2020-09-29 13:48:51,,,,,,,,,2020-09-29T13:48:51.871Z,,2020-09-29T13:48:51.468Z,51.5221817,5.86691578,61.16933061,8.63439083,0.0,1.34131527,SUSPECTED_DRONE,23.45538025,0.99531299,True,,,,,,,,,,,,,,,,,
1601387332,2020-09-29 13:48:52,,,,,,,,,2020-09-29T13:48:53.170Z,,2020-09-29T13:48:52.767Z,51.52221081,5.86689834,61.10263576,337.58099365,0.0,1.78286791,SUSPECTED_DRONE,23.37488061,0.99622476,True,,,,,,,,,,,,,,,,,
1601387334,2020-09-29 13:48:54,,,,,,,,,2020-09-29T13:48:54.478Z,,2020-09-29T13:48:54.072Z,51.52219802,5.86689501,61.03597569,324.56637573,0.0,0.87871009,SUSPECTED_DRONE,23.29553507,0.99696463,True,,,,,,,,,,,,,,,,,
1601387335,2020-09-29 13:48:55,,,,,,,,,2020-09-29T13:48:55.777Z,,2020-09-29T13:48:55.374Z,51.52221494,5.86689398,61.0323076,359.81637573,0.0,1.04378736,SUSPECTED_DRONE,23.22308691,0.99756539,True,,,,,,,,,,,,,,,,,
1601387336,2020-09-29 13:48:56,,,,,,,,,2020-09-29T13:48:57.080Z,,2020-09-29T13:48:56.679Z,51.52220112,5.86690145,61.04718317,37.62655258,0.0,0.23728132,SUSPECTED_DRONE,23.1552534,0.99802208,True,,,,,,,,,,,,,,,,,
1601387338,2020-09-29 13:48:58,,,,,,,,,2020-09-29T13:48:58.385Z,,2020-09-29T13:48:57.980Z,51.522202,5.86689908,61.03895318,320.88247681,0.0,0.15824164,SUSPECTED_DRONE,23.08223788,0.9984172,True,,,,,,,,,,,,,,,,,
1601387339,2020-09-29 13:48:59,,,,,,,,,2020-09-29T13:48:59.688Z,,2020-09-29T13:48:59.283Z,51.5222117,5.86689397,61.02543511,333.5723877,0.0,0.42478383,SUSPECTED_DRONE,23.01132986,0.99873281,True,,,,,,,,,,,,,,,,,
1601387340,2020-09-29 13:49:00,,,,,,,,,2020-09-29T13:49:00.987Z,,2020-09-29T13:49:00.586Z,51.52222068,5.86688895,61.01166093,337.00369263,0.0,0.56218839,SUSPECTED_DRONE,22.94650624,0.99898612,True,,,,,,,,,,,,,,,,,
1601387342,2020-09-29 13:49:02,,,,,,,,,2020-09-29T13:49:02.295Z,,2020-09-29T13:49:01.891Z,51.52219341,5.86690363,61.04391353,138.24983215,0.0,0.5524720000000001,SUSPECTED_DRONE,22.88419143,0.99914944,True,,,,,,,,,,,,,,,,,
1601387343,2020-09-29 13:49:03,,,,,,,,,2020-09-29T13:49:03.595Z,,2020-09-29T13:49:03.192Z,51.52220196,5.86690229,61.0581877,117.55754852,0.0,0.10613743,SUSPECTED_DRONE,22.82388738,0.99931651,True,,,,,,,,,,,,,,,,,
1601387344,2020-09-29 13:49:04,,,,,,,,,2020-09-29T13:49:04.901Z,,2020-09-29T13:49:04.497Z,51.52219293,5.86688606,60.89408431,243.69293213,0.0,0.9048987,SUSPECTED_DRONE,22.90468114,0.99936241,True,,,,,,,,,,,,,,,,,
1601387345,2020-09-29 13:49:05,,,,,,,,,2020-09-29T13:49:06.202Z,,2020-09-29T13:49:05.801Z,51.52217034,5.86680728,60.39121917,250.1451416,0.0,3.18242025,SUSPECTED_DRONE,22.94978111,0.99911076,True,,,,,,,,,,,,,,,,,
1601387347,2020-09-29 13:49:07,,,,,,,,,2020-09-29T13:49:07.502Z,,2020-09-29T13:49:07.105Z,51.52212348,5.866669,59.56050413,248.96429443,0.0,5.91538525,SUSPECTED_DRONE,23.05709908,0.99876332,True,,,,,,,,,,,,,,,,,
1601387348,2020-09-29 13:49:08,,,,,,,,,2020-09-29T13:49:08.810Z,,2020-09-29T13:49:08.409Z,51.52207859,5.86650881,58.50045571,249.73805237,0.0,7.97829676,SUSPECTED_DRONE,23.06261236,0.99873155,True,,,,,,,,,,,,,,,,,
1601387349,2020-09-29 13:49:09,,,,,,,,,2020-09-29T13:49:10.111Z,,2020-09-29T13:49:09.714Z,51.52201556,5.86633194,57.27609586,248.31010437,0.0,10.20393658,SUSPECTED_DRONE,23.02824108,0.99890053,True,,,,,,,,,,,,,,,,,
1601387351,2020-09-29 13:49:11,,,,,,,,,2020-09-29T13:49:11.417Z,,2020-09-29T13:49:11.022Z,51.52190882,5.86615015,55.87505472,240.41073608,0.0,11.52167988,SUSPECTED_DRONE,22.97350143,0.99905521,True,,,,,,,,,,,,,,,,,
1601387352,2020-09-29 13:49:12,,,,,,,,,2020-09-29T13:49:12.717Z,,2020-09-29T13:49:12.325Z,51.52184685,5.86595252,54.4495201,241.98649597,0.0,11.84893417,SUSPECTED_DRONE,22.95585058,0.99923992,True,,,,,,,,,,,,,,,,,
1601387353,2020-09-29 13:49:13,,,,,,,,,2020-09-29T13:49:14.023Z,,2020-09-29T13:49:13.631Z,51.52179208,5.86574685,53.03608676,243.85108948,0.0,11.97806263,SUSPECTED_DRONE,22.93595685,0.99939054,True,,,,,,,,,,,,,,,,,
1601387355,2020-09-29 13:49:15,,,,,,,,,2020-09-29T13:49:15.325Z,,2020-09-29T13:49:14.935Z,51.52174758,5.86553204,51.59651483,246.65763855,0.0,12.19791031,SUSPECTED_DRONE,22.88559889,0.99950731,True,,,,,,,,,,,,,,,,,
1601387356,2020-09-29 13:49:16,,,,,,,,,2020-09-29T13:49:16.630Z,,2020-09-29T13:49:16.241Z,51.52168972,5.86532557,50.1716988,246.03945923,0.0,11.96694279,SUSPECTED_DRONE,22.86866587,0.9996056,True,,,,,,,,,,,,,,,,,
1601387357,2020-09-29 13:49:17,,,,,,,,,2020-09-29T13:49:17.931Z,,2020-09-29T13:49:17.547Z,51.52162358,5.86511317,48.63804934,245.19898987,0.0,12.38166428,SUSPECTED_DRONE,22.93379343,0.9996829,True,,,,,,,,,,,,,,,,,
1601387359,2020-09-29 13:49:19,,,,,,,,,2020-09-29T13:49:19.232Z,,2020-09-29T13:49:18.854Z,51.52155493,5.86490033,47.12688826,244.34793091,0.0,12.53454494,SUSPECTED_DRONE,23.14536799,0.99974585,True,,,,,,,,,,,,,,,,,
1601387360,2020-09-29 13:49:20,,,,,,,,,2020-09-29T13:49:20.539Z,,2020-09-29T13:49:20.159Z,51.52148541,5.86468645,45.65115042,243.79232788,0.0,12.66954327,SUSPECTED_DRONE,23.19953418,0.99979651,True,,,,,,,,,,,,,,,,,
1601387361,2020-09-29 13:49:21,,,,,,,,,2020-09-29T13:49:21.839Z,,2020-09-29T13:49:21.465Z,51.52142499,5.86447741,44.18575334,244.03218079,0.0,12.43801308,SUSPECTED_DRONE,23.15441738,0.9998371,True,,,,,,,,,,,,,,,,,
1601387362,2020-09-29 13:49:22,,,,,,,,,2020-09-29T13:49:23.146Z,,2020-09-29T13:49:22.772Z,51.52135615,5.86426751,42.7220198,243.21508789,0.0,12.51337051,DRONE,23.15328122,0.99986959,True,,,,,,,,,,,,,,,,,
1601387364,2020-09-29 13:49:24,,,,,,,,,2020-09-29T13:49:24.447Z,,2020-09-29T13:49:24.079Z,51.52129097,5.86405642,41.28105567,243.42044067,0.0,12.53291988,DRONE,23.12166418,0.99989563,True,,,,,,,,,,,,,,,,,
1601387365,2020-09-29 13:49:25,,,,,,,,,2020-09-29T13:49:25.747Z,,2020-09-29T13:49:25.386Z,51.52121918,5.86384575,39.87354076,242.59812927,0.0,12.60995865,DRONE,23.08690004,0.99991643,True,,,,,,,,,,,,,,,,,
1601387366,2020-09-29 13:49:26,,,,,,,,,2020-09-29T13:49:27.054Z,,2020-09-29T13:49:26.696Z,51.52113595,5.86363519,38.50838495,240.69242859,0.0,12.79966259,DRONE,23.04461815,0.99993253,True,,,,,,,,,,,,,,,,,
1601387368,2020-09-29 13:49:28,,,,,,,,,2020-09-29T13:49:28.356Z,,2020-09-29T13:49:28.003Z,51.52106523,5.86342535,37.14343374,241.0166626,0.0,12.74967098,DRONE,23.0380873,0.999946,True,,,,,,,,,,,,,,,,,
1601387369,2020-09-29 13:49:29,,,,,,,,,2020-09-29T13:49:29.660Z,,2020-09-29T13:49:29.311Z,51.52100268,5.86321203,35.76091571,242.6628418,0.0,12.71685314,DRONE,22.99316453,0.99995655,True,,,,,,,,,,,,,,,,,
1601387370,2020-09-29 13:49:30,,,,,,,,,2020-09-29T13:49:30.962Z,,2020-09-29T13:49:30.623Z,51.52092105,5.86299072,34.37618257,241.60223389,0.0,13.13995647,DRONE,23.01766397,0.99996436,True,,,,,,,,,,,,,,,,,
1601387372,2020-09-29 13:49:32,,,,,,,,,2020-09-29T13:49:32.267Z,,2020-09-29T13:49:31.934Z,51.52084041,5.86276845,33.05024551,241.04266357,0.0,13.3256855,DRONE,22.99057002,0.99997133,True,,,,,,,,,,,,,,,,,
1601387373,2020-09-29 13:49:33,,,,,,,,,2020-09-29T13:49:33.569Z,,2020-09-29T13:49:33.246Z,51.52075061,5.86253741,31.72427276,240.39094543,0.0,13.85299492,DRONE,22.94280583,0.99997526,True,,,,,,,,,,,,,,,,,
1601387374,2020-09-29 13:49:34,,,,,,,,,2020-09-29T13:49:34.876Z,,2020-09-29T13:49:34.558Z,51.52067359,5.86231132,30.41939654,240.71995544,0.0,13.76094627,SUSPECTED_DRONE,22.91824891,0.99998015,True,,,,,,,,,,,,,,,,,
1601387375,2020-09-29 13:49:35,,,,,,,,,2020-09-29T13:49:36.177Z,,2020-09-29T13:49:35.871Z,51.52059873,5.86208956,29.20176743,240.84222412,0.0,13.55211163,SUSPECTED_DRONE,22.8741344,0.99998403,True,,,,,,,,,,,,,,,,,
1601387377,2020-09-29 13:49:37,,,,,,,,,2020-09-29T13:49:37.478Z,,2020-09-29T13:49:37.187Z,51.52050968,5.86185723,28.02858791,239.9574585,0.0,13.90365887,SUSPECTED_DRONE,22.82588606,0.99998665,True,,,,,,,,,,,,,,,,,
1601387378,2020-09-29 13:49:38,,,,,,,,,2020-09-29T13:49:38.792Z,,2020-09-29T13:49:38.500Z,51.52044136,5.86163704,26.94362161,241.26797485,0.0,13.54644775,SUSPECTED_DRONE,22.7764141,0.99998844,True,,,,,,,,,,,,,,,,,
1601387379,2020-09-29 13:49:39,,,,,,,,,2020-09-29T13:49:40.084Z,,2020-09-29T13:49:39.818Z,51.52036299,5.86140567,25.91042407,241.70765686,0.0,13.72543812,SUSPECTED_DRONE,22.73100929,0.99999017,True,,,,,,,,,,,,,,,,,
1601387381,2020-09-29 13:49:41,,,,,,,,,,,,,,,,,,,,,,2020-09-29T13:49:42.140Z,Elvira,2.2.4 (REL-2.2.x 22467),operational,Elvira Search,2.2.4 (REL-2.2.x 22467),operational,51.52126391,5.85862734,5.0,,,SearchRadar,0.0,0.0,,
1601387381,2020-09-29 13:49:41,,,,,,,,,2020-09-29T13:49:41.394Z,,2020-09-29T13:49:41.132Z,51.52029871,5.86119356,25.01155499,242.16870117,0.0,13.17985439,SUSPECTED_DRONE,22.68609478,0.9999882,True,,,,,,,,,,,,,,,,,
1601387382,2020-09-29 13:49:42,,,,,,,,,2020-09-29T13:49:42.692Z,,2020-09-29T13:49:42.450Z,51.52023257,5.86097821,24.18913223,242.71643066,0.0,12.96843624,SUSPECTED_DRONE,22.63906715,0.99999017,True,,,,,,,,,,,,,,,,,
1601387383,2020-09-29 13:49:43,,,,,,,,,2020-09-29T13:49:43.994Z,,2020-09-29T13:49:43.773Z,51.52014755,5.86073672,23.45893,242.18174744,0.0,13.58569241,SUSPECTED_DRONE,22.59124656,0.99998748,True,,,,,,,,,,,,,,,,,
1601387385,2020-09-29 13:49:45,,,,,,,,,2020-09-29T13:49:45.300Z,,2020-09-29T13:49:43.773Z,51.52014755,5.86073672,23.45893,242.18174744,0.0,13.58569241,SUSPECTED_DRONE,22.59124656,0.99998748,True,,,,,,,,,,,,,,,,,
1601387386,2020-09-29 13:49:46,,,,,,,,,2020-09-29T13:49:46.600Z,,2020-09-29T13:49:46.416Z,51.51998943,5.86030035,22.62035694,239.52459717,0.0,13.27723598,SUSPECTED_DRONE,22.54381907,0.98389632,True,,,,,,,,,,,,,,,,,
1601387387,2020-09-29 13:49:47,,,,,,,,,2020-09-29T13:49:47.908Z,,2020-09-29T13:49:46.416Z,51.51998943,5.86030035,22.62035694,239.52459717,0.0,13.27723598,SUSPECTED_DRONE,22.54381907,0.98389632,True,,,,,,,,,,,,,,,,,
1601387388,2020-09-29 13:49:48,,,,,,,,,2020-09-29T13:49:49.207Z,,2020-09-29T13:49:46.416Z,51.51998943,5.86030035,22.62035694,239.52459717,0.0,13.27723598,SUSPECTED_DRONE,22.54381907,0.98389632,True,,,,,,,,,,,,,,,,,
1601387390,2020-09-29 13:49:50,,,,,,,,,2020-09-29T13:49:50.514Z,,2020-09-29T13:49:46.416Z,51.51998943,5.86030035,22.62035694,239.52459717,0.0,13.27723598,SUSPECTED_DRONE,22.54381907,0.98389632,True,,,,,,,,,,,,,,,,,
1601387391,2020-09-29 13:49:51,,,,,,,,,2020-09-29T13:49:51.817Z,,2020-09-29T13:49:46.416Z,51.51998943,5.86030035,22.62035694,239.52459717,0.0,13.27723598,SUSPECTED_DRONE,22.54381907,0.98389632,True,,,,,,,,,,,,,,,,,
1601387392,2020-09-29 13:49:52,,,,,,,,,2020-09-29T13:49:53.121Z,,2020-09-29T13:49:46.416Z,51.51998943,5.86030035,22.62035694,239.52459717,0.0,13.27723598,SUSPECTED_DRONE,22.54381907,0.98389632,True,,,,,,,,,,,,,,,,,
1601387394,2020-09-29 13:49:54,,,,,,,,,2020-09-29T13:49:54.424Z,,2020-09-29T13:49:46.416Z,51.51998943,5.86030035,22.62035694,239.52459717,0.0,13.27723598,SUSPECTED_DRONE,22.54381907,0.98389632,True,,,,,,,,,,,,,,,,,
1601387395,2020-09-29 13:49:55,,,,,,,,,2020-09-29T13:49:55.727Z,,2020-09-29T13:49:46.416Z,51.51998943,5.86030035,22.62035694,239.52459717,0.0,13.27723598,SUSPECTED_DRONE,22.54381907,0.98389632,True,,,,,,,,,,,,,,,,,
1601387396,2020-09-29 13:49:56,,,,,,,,,2020-09-29T13:49:57.036Z,,2020-09-29T13:49:46.416Z,51.51998943,5.86030035,22.62035694,239.52459717,0.0,13.27723598,SUSPECTED_DRONE,22.54381907,0.98389632,True,,,,,,,,,,,,,,,,,
1601387396,2020-09-29 13:49:56,,,,,,,,,,,2020-09-29T13:49:56.915Z,51.52062279,5.85898498,12.13640176,241.6640625,0.0,20.05169868,DRONE,40.17484552,0.99969637,True,,,,,,,,,,,,,,,,,
1601387398,2020-09-29 13:49:58,,,,,,,,,2020-09-29T13:49:58.336Z,,2020-09-29T13:49:58.219Z,51.5205156,5.85872152,13.04612375,238.56385803,0.0,17.95819283,DRONE,40.07503505,0.99647713,True,,,,,,,,,,,,,,,,,
1601387399,2020-09-29 13:49:59,,,,,,,,,2020-09-29T13:49:59.637Z,,2020-09-29T13:49:58.219Z,51.5205156,5.85872152,13.04612375,238.56385803,0.0,17.95819283,DRONE,40.07503505,0.99647713,True,,,,,,,,,,,,,,,,,
1601387400,2020-09-29 13:50:00,,,,,,,,,2020-09-29T13:50:00.943Z,,2020-09-29T13:49:58.219Z,51.5205156,5.85872152,13.04612375,238.56385803,0.0,17.95819283,DRONE,40.07503505,0.99647713,True,,,,,,,,,,,,,,,,,
1601387402,2020-09-29 13:50:02,,,,,,,,,2020-09-29T13:50:02.245Z,,2020-09-29T13:50:00.889Z,51.5201642,5.85878811,16.4631078,185.10797119,0.0,14.35970497,DRONE,39.97747639,0.96410441,True,,,,,,,,,,,,,,,,,
1601387403,2020-09-29 13:50:03,,,,,,,,,2020-09-29T13:50:03.554Z,,2020-09-29T13:50:03.433Z,51.51978972,5.85929191,21.21378449,141.98779297,0.0,21.05983925,SUSPECTED_DRONE,39.88205586,0.94040006,True,,,,,,,,,,,,,,,,,
1601387404,2020-09-29 13:50:04,,,,,,,,,2020-09-29T13:50:04.852Z,,2020-09-29T13:50:03.433Z,51.51978972,5.85929191,21.21378449,141.98779297,0.0,21.05983925,SUSPECTED_DRONE,39.88205586,0.94040006,True,,,,,,,,,,,,,,,,,
1601387405,2020-09-29 13:50:05,,,,,,,,,2020-09-29T13:50:06.160Z,,2020-09-29T13:50:03.433Z,51.51978972,5.85929191,21.21378449,141.98779297,0.0,21.05983925,SUSPECTED_DRONE,39.88205586,0.94040006,True,,,,,,,,,,,,,,,,,
1601387407,2020-09-29 13:50:07,,,,,,,,,2020-09-29T13:50:07.458Z,,2020-09-29T13:50:03.433Z,51.51978972,5.85929191,21.21378449,141.98779297,0.0,21.05983925,SUSPECTED_DRONE,39.88205586,0.94040006,True,,,,,,,,,,,,,,,,,
1601387408,2020-09-29 13:50:08,,,,,,,,,2020-09-29T13:50:08.763Z,,2020-09-29T13:50:03.433Z,51.51978972,5.85929191,21.21378449,141.98779297,0.0,21.05983925,SUSPECTED_DRONE,39.88205586,0.94040006,True,,,,,,,,,,,,,,,,,
1601387409,2020-09-29 13:50:09,,,,,,,,,2020-09-29T13:50:10.067Z,,2020-09-29T13:50:03.433Z,51.51978972,5.85929191,21.21378449,141.98779297,0.0,21.05983925,SUSPECTED_DRONE,39.88205586,0.94040006,True,,,,,,,,,,,,,,,,,
1601387411,2020-09-29 13:50:11,,,,,,,,,2020-09-29T13:50:11.365Z,,2020-09-29T13:50:03.433Z,51.51978972,5.85929191,21.21378449,141.98779297,0.0,21.05983925,SUSPECTED_DRONE,39.88205586,0.94040006,True,,,,,,,,,,,,,,,,,
1601387412,2020-09-29 13:50:12,,,,,,,,,2020-09-29T13:50:12.672Z,,2020-09-29T13:50:03.433Z,51.51978972,5.85929191,21.21378449,141.98779297,0.0,21.05983925,SUSPECTED_DRONE,39.88205586,0.94040006,True,,,,,,,,,,,,,,,,,
1601387413,2020-09-29 13:50:13,,,,,,,,,2020-09-29T13:50:13.972Z,,2020-09-29T13:50:03.433Z,51.51978972,5.85929191,21.21378449,141.98779297,0.0,21.05983925,SUSPECTED_DRONE,39.88205586,0.94040006,True,,,,,,,,,,,,,,,,,
1601387415,2020-09-29 13:50:15,,,,,,,,,2020-09-29T13:50:15.281Z,,,,,,,,,,,,,,,,,,,,,,,,,,,,,
1601387416,2020-09-29 13:50:16,,,,,,,,,2020-09-29T13:50:16.580Z,,2020-09-29T13:50:15.379Z,51.51839511,5.85529452,42.64033343,233.48902893,0.0,12.85111237,DRONE,21.07267933,0.8656472,True,,,,,,,,,,,,,,,,,
1601387417,2020-09-29 13:50:17,,,,,,,,,2020-09-29T13:50:17.885Z,,2020-09-29T13:50:16.685Z,51.5183103,5.85507493,44.30419958,235.11303711,0.0,13.42290115,DRONE,21.06224527,0.89251477,True,,,,,,,,,,,,,,,,,
1601387418,2020-09-29 13:50:18,,,,,,,,,2020-09-29T13:50:19.186Z,,2020-09-29T13:50:17.992Z,51.51822905,5.8548489,45.95456339,236.96929932,0.0,13.58386135,DRONE,20.99570349,0.91401094,True,,,,,,,,,,,,,,,,,
1601387420,2020-09-29 13:50:20,,,,,,,,,2020-09-29T13:50:20.494Z,,2020-09-29T13:50:19.297Z,51.51815079,5.85461469,47.55617979,238.53887939,0.0,13.769207000000002,DRONE,20.82286995,0.93120807,True,,,,,,,,,,,,,,,,,
1601387421,2020-09-29 13:50:21,,,,,,,,,2020-09-29T13:50:21.797Z,,2020-09-29T13:50:20.604Z,51.51807358,5.85438027,49.12073403,239.61140442,0.0,13.8500824,DRONE,20.83492173,0.94496584,True,,,,,,,,,,,,,,,,,
1601387422,2020-09-29 13:50:22,,,,,,,,,2020-09-29T13:50:23.097Z,,2020-09-29T13:50:21.909Z,51.51799303,5.85415254,50.69630714,239.82380676,0.0,13.88523579,DRONE,21.00360474,0.95597255,True,,,,,,,,,,,,,,,,,
1601387424,2020-09-29 13:50:24,,,,,,,,,2020-09-29T13:50:24.401Z,,2020-09-29T13:50:23.216Z,51.51791434,5.85391878,52.36103708,240.31663513,0.0,13.97465324,SUSPECTED_DRONE,20.95737937,0.96477789,True,,,,,,,,,,,,,,,,,
1601387425,2020-09-29 13:50:25,,,,,,,,,2020-09-29T13:50:25.701Z,,2020-09-29T13:50:24.522Z,51.51783712,5.85368353,54.02084526,240.83959961,0.0,14.01890564,SUSPECTED_DRONE,20.97068306,0.9718222,True,,,,,,,,,,,,,,,,,
1601387426,2020-09-29 13:50:26,,,,,,,,,2020-09-29T13:50:27.008Z,,2020-09-29T13:50:25.828Z,51.51776456,5.85343848,55.65734811,241.81123352,0.0,14.12819576,SUSPECTED_DRONE,20.94577956,0.97745728,True,,,,,,,,,,,,,,,,,
1601387428,2020-09-29 13:50:28,,,,,,,,,2020-09-29T13:50:28.309Z,,2020-09-29T13:50:27.134Z,51.51769405,5.85319054,57.27872906,242.71989441,0.0,14.21512222,SUSPECTED_DRONE,20.92947694,0.9819653,True,,,,,,,,,,,,,,,,,
1601387429,2020-09-29 13:50:29,,,,,,,,,2020-09-29T13:50:29.616Z,,2020-09-29T13:50:27.134Z,51.51769405,5.85319054,57.27872906,242.71989441,0.0,14.21512222,SUSPECTED_DRONE,20.92947694,0.9819653,True,,,,,,,,,,,,,,,,,
1601387430,2020-09-29 13:50:30,,,,,,,,,2020-09-29T13:50:30.920Z,,2020-09-29T13:50:27.134Z,51.51769405,5.85319054,57.27872906,242.71989441,0.0,14.21512222,SUSPECTED_DRONE,20.92947694,0.9819653,True,,,,,,,,,,,,,,,,,
1601387432,2020-09-29 13:50:32,,,,,,,,,2020-09-29T13:50:32.223Z,,2020-09-29T13:50:27.134Z,51.51769405,5.85319054,57.27872906,242.71989441,0.0,14.21512222,SUSPECTED_DRONE,20.92947694,0.9819653,True,,,,,,,,,,,,,,,,,
1601387433,2020-09-29 13:50:33,,,,,,,,,2020-09-29T13:50:33.525Z,,2020-09-29T13:50:27.134Z,51.51769405,5.85319054,57.27872906,242.71989441,0.0,14.21512222,SUSPECTED_DRONE,20.92947694,0.9819653,True,,,,,,,,,,,,,,,,,
1601387434,2020-09-29 13:50:34,,,,,,,,,2020-09-29T13:50:34.825Z,,2020-09-29T13:50:27.134Z,51.51769405,5.85319054,57.27872906,242.71989441,0.0,14.21512222,SUSPECTED_DRONE,20.92947694,0.9819653,True,,,,,,,,,,,,,,,,,
1601387435,2020-09-29 13:50:35,,,,,,,,,2020-09-29T13:50:36.132Z,,2020-09-29T13:50:27.134Z,51.51769405,5.85319054,57.27872906,242.71989441,0.0,14.21512222,SUSPECTED_DRONE,20.92947694,0.9819653,True,,,,,,,,,,,,,,,,,
1601387437,2020-09-29 13:50:37,,,,,,,,,2020-09-29T13:50:37.431Z,,2020-09-29T13:50:27.134Z,51.51769405,5.85319054,57.27872906,242.71989441,0.0,14.21512222,SUSPECTED_DRONE,20.92947694,0.9819653,True,,,,,,,,,,,,,,,,,
1601387438,2020-09-29 13:50:38,,,,,,,,,2020-09-29T13:50:38.739Z,,,,,,,,,,,,,,,,,,,,,,,,,,,,,
1601387439,2020-09-29 13:50:39,,,,,,,,,2020-09-29T13:50:40.040Z,,,,,,,,,,,,,,,,,,,,,,,,,,,,,
1601387441,2020-09-29 13:50:41,,,,,,,,,,,,,,,,,,,,,,2020-09-29T13:50:42.144Z,Elvira,2.2.4 (REL-2.2.x 22467),operational,Elvira Search,2.2.4 (REL-2.2.x 22467),operational,51.52126391,5.85862734,5.0,,,SearchRadar,0.0,0.0,,
1601387441,2020-09-29 13:50:41,,,,,,,,,2020-09-29T13:50:41.345Z,,,,,,,,,,,,,,,,,,,,,,,,,,,,,
1601387442,2020-09-29 13:50:42,,,,,,,,,2020-09-29T13:50:42.645Z,,,,,,,,,,,,,,,,,,,,,,,,,,,,,
1601387443,2020-09-29 13:50:43,,,,,,,,,2020-09-29T13:50:43.952Z,,,,,,,,,,,,,,,,,,,,,,,,,,,,,
1601387445,2020-09-29 13:50:45,,,,,,,,,2020-09-29T13:50:45.252Z,,,,,,,,,,,,,,,,,,,,,,,,,,,,,
1601387446,2020-09-29 13:50:46,,,,,,,,,2020-09-29T13:50:46.559Z,,,,,,,,,,,,,,,,,,,,,,,,,,,,,
1601387447,2020-09-29 13:50:47,,,,,,,,,2020-09-29T13:50:47.859Z,,,,,,,,,,,,,,,,,,,,,,,,,,,,,
1601387448,2020-09-29 13:50:48,,,,,,,,,2020-09-29T13:50:49.166Z,,,,,,,,,,,,,,,,,,,,,,,,,,,,,
1601387450,2020-09-29 13:50:50,,,,,,,,,2020-09-29T13:50:50.467Z,,,,,,,,,,,,,,,,,,,,,,,,,,,,,
1601387451,2020-09-29 13:50:51,,,,,,,,,2020-09-29T13:50:51.770Z,,,,,,,,,,,,,,,,,,,,,,,,,,,,,
1601387452,2020-09-29 13:50:52,,,,,,,,,2020-09-29T13:50:53.074Z,,,,,,,,,,,,,,,,,,,,,,,,,,,,,
1601387454,2020-09-29 13:50:54,,,,,,,,,2020-09-29T13:50:54.376Z,,,,,,,,,,,,,,,,,,,,,,,,,,,,,
1601387455,2020-09-29 13:50:55,,,,,,,,,2020-09-29T13:50:55.682Z,,,,,,,,,,,,,,,,,,,,,,,,,,,,,
1601387456,2020-09-29 13:50:56,,,,,,,,,2020-09-29T13:50:56.984Z,,,,,,,,,,,,,,,,,,,,,,,,,,,,,
1601387458,2020-09-29 13:50:58,,,,,,,,,2020-09-29T13:50:58.288Z,,,,,,,,,,,,,,,,,,,,,,,,,,,,,
1601387459,2020-09-29 13:50:59,,,,,,,,,2020-09-29T13:50:59.591Z,,,,,,,,,,,,,,,,,,,,,,,,,,,,,
1601387460,2020-09-29 13:51:00,,,,,,,,,2020-09-29T13:51:00.895Z,,,,,,,,,,,,,,,,,,,,,,,,,,,,,
1601387461,2020-09-29 13:51:01,,,,,,,,,2020-09-29T13:51:02.196Z,,,,,,,,,,,,,,,,,,,,,,,,,,,,,
1601387463,2020-09-29 13:51:03,,,,,,,,,2020-09-29T13:51:03.501Z,,,,,,,,,,,,,,,,,,,,,,,,,,,,,
1601387464,2020-09-29 13:51:04,,,,,,,,,2020-09-29T13:51:04.809Z,,,,,,,,,,,,,,,,,,,,,,,,,,,,,
1601387465,2020-09-29 13:51:05,,,,,,,,,2020-09-29T13:51:06.110Z,,,,,,,,,,,,,,,,,,,,,,,,,,,,,
1601387467,2020-09-29 13:51:07,,,,,,,,,2020-09-29T13:51:07.415Z,,,,,,,,,,,,,,,,,,,,,,,,,,,,,
1601387468,2020-09-29 13:51:08,,,,,,,,,2020-09-29T13:51:08.718Z,,,,,,,,,,,,,,,,,,,,,,,,,,,,,
1601387469,2020-09-29 13:51:09,,,,,,,,,2020-09-29T13:51:10.024Z,,,,,,,,,,,,,,,,,,,,,,,,,,,,,
1601387471,2020-09-29 13:51:11,,,,,,,,,2020-09-29T13:51:11.323Z,,,,,,,,,,,,,,,,,,,,,,,,,,,,,
1601387472,2020-09-29 13:51:12,,,,,,,,,2020-09-29T13:51:12.631Z,,,,,,,,,,,,,,,,,,,,,,,,,,,,,
1601387473,2020-09-29 13:51:13,,,,,,,,,2020-09-29T13:51:13.930Z,,,,,,,,,,,,,,,,,,,,,,,,,,,,,
1601387475,2020-09-29 13:51:15,,,,,,,,,2020-09-29T13:51:15.237Z,,,,,,,,,,,,,,,,,,,,,,,,,,,,,
1601387476,2020-09-29 13:51:16,,,,,,,,,2020-09-29T13:51:16.537Z,,,,,,,,,,,,,,,,,,,,,,,,,,,,,
1601387477,2020-09-29 13:51:17,,,,,,,,,2020-09-29T13:51:17.845Z,,,,,,,,,,,,,,,,,,,,,,,,,,,,,
1601387478,2020-09-29 13:51:18,,,,,,,,,2020-09-29T13:51:19.145Z,,,,,,,,,,,,,,,,,,,,,,,,,,,,,
1601387480,2020-09-29 13:51:20,,,,,,,,,2020-09-29T13:51:20.451Z,,,,,,,,,,,,,,,,,,,,,,,,,,,,,
1601387481,2020-09-29 13:51:21,,,,,,,,,2020-09-29T13:51:21.752Z,,,,,,,,,,,,,,,,,,,,,,,,,,,,,
1601387482,2020-09-29 13:51:22,,,,,,,,,2020-09-29T13:51:23.060Z,,,,,,,,,,,,,,,,,,,,,,,,,,,,,
1601387484,2020-09-29 13:51:24,,,,,,,,,2020-09-29T13:51:24.364Z,,,,,,,,,,,,,,,,,,,,,,,,,,,,,
1601387485,2020-09-29 13:51:25,,,,,,,,,2020-09-29T13:51:25.667Z,,,,,,,,,,,,,,,,,,,,,,,,,,,,,
1601387486,2020-09-29 13:51:26,,,,,,,,,2020-09-29T13:51:26.971Z,,,,,,,,,,,,,,,,,,,,,,,,,,,,,
1601387488,2020-09-29 13:51:28,,,,,,,,,2020-09-29T13:51:28.273Z,,,,,,,,,,,,,,,,,,,,,,,,,,,,,
1601387489,2020-09-29 13:51:29,,,,,,,,,2020-09-29T13:51:29.579Z,,,,,,,,,,,,,,,,,,,,,,,,,,,,,
1601387490,2020-09-29 13:51:30,,,,,,,,,2020-09-29T13:51:30.881Z,,,,,,,,,,,,,,,,,,,,,,,,,,,,,
1601387491,2020-09-29 13:51:31,,,,,,,,,2020-09-29T13:51:32.185Z,,,,,,,,,,,,,,,,,,,,,,,,,,,,,
1601387493,2020-09-29 13:51:33,,,,,,,,,2020-09-29T13:51:33.491Z,,,,,,,,,,,,,,,,,,,,,,,,,,,,,
1601387494,2020-09-29 13:51:34,,,,,,,,,2020-09-29T13:51:34.792Z,,,,,,,,,,,,,,,,,,,,,,,,,,,,,
1601387495,2020-09-29 13:51:35,,,,,,,,,2020-09-29T13:51:36.100Z,,,,,,,,,,,,,,,,,,,,,,,,,,,,,
1601387497,2020-09-29 13:51:37,,,,,,,,,2020-09-29T13:51:37.398Z,,,,,,,,,,,,,,,,,,,,,,,,,,,,,
1601387498,2020-09-29 13:51:38,,,,,,,,,2020-09-29T13:51:38.708Z,,,,,,,,,,,,,,,,,,,,,,,,,,,,,
1601387499,2020-09-29 13:51:39,,,,,,,,,2020-09-29T13:51:40.007Z,,,,,,,,,,,,,,,,,,,,,,,,,,,,,
1601387501,2020-09-29 13:51:41,,,,,,,,,,,,,,,,,,,,,,2020-09-29T13:51:42.140Z,Elvira,2.2.4 (REL-2.2.x 22467),operational,Elvira Search,2.2.4 (REL-2.2.x 22467),operational,51.52126391,5.85862734,5.0,,,SearchRadar,0.0,0.0,,
1601387501,2020-09-29 13:51:41,,,,,,,,,2020-09-29T13:51:41.319Z,,,,,,,,,,,,,,,,,,,,,,,,,,,,,
1601387502,2020-09-29 13:51:42,,,,,,,,,2020-09-29T13:51:42.614Z,,,,,,,,,,,,,,,,,,,,,,,,,,,,,
1601387503,2020-09-29 13:51:43,,,,,,,,,2020-09-29T13:51:43.920Z,,2020-09-29T13:51:42.709Z,51.51859209,5.85572552,39.78921611,58.46797562,0.0,13.55553722,DRONE,24.97779548,0.73785317,True,,,,,,,,,,,,,,,,,
1601387505,2020-09-29 13:51:45,,,,,,,,,2020-09-29T13:51:45.221Z,,2020-09-29T13:51:44.008Z,51.51867064,5.8559438,38.18804924,59.32362747,0.0,13.41520786,DRONE,24.63491668,0.79028243,True,,,,,,,,,,,,,,,,,
1601387506,2020-09-29 13:51:46,,,,,,,,,2020-09-29T13:51:46.528Z,,2020-09-29T13:51:45.307Z,51.51875063,5.85615701,36.64104216,59.17451477,0.0,13.34191227,DRONE,24.53341356,0.83222592,True,,,,,,,,,,,,,,,,,
1601387507,2020-09-29 13:51:47,,,,,,,,,2020-09-29T13:51:47.833Z,,2020-09-29T13:51:46.608Z,51.51883970000001,5.85634703,35.15044999,56.37747955,0.0,13.02484512,DRONE,24.30552012,0.8657794,True,,,,,,,,,,,,,,,,,
1601387508,2020-09-29 13:51:48,,,,,,,,,2020-09-29T13:51:49.136Z,,2020-09-29T13:51:47.908Z,51.51893185,5.85652121,33.71769457,53.7563858,0.0,12.60249615,DRONE,24.11566082,0.8926216999999999,True,,,,,,,,,,,,,,,,,
1601387510,2020-09-29 13:51:50,,,,,,,,,2020-09-29T13:51:50.440Z,,2020-09-29T13:51:49.207Z,51.51901691,5.85670537,32.34958719,53.79778671,0.0,12.39598846,DRONE,23.83408466,0.91409719,True,,,,,,,,,,,,,,,,,
1601387511,2020-09-29 13:51:51,,,,,,,,,2020-09-29T13:51:51.742Z,,2020-09-29T13:51:50.507Z,51.51910466,5.856877,31.02395533,52.83021927,0.0,12.11800003,DRONE,23.563660100000003,0.93127608,True,,,,,,,,,,,,,,,,,
1601387512,2020-09-29 13:51:52,,,,,,,,,2020-09-29T13:51:53.048Z,,2020-09-29T13:51:51.805Z,51.51918545,5.85705213,29.74240416,53.33833694,0.0,11.83881092,DRONE,23.30510532,0.94502008,True,,,,,,,,,,,,,,,,,
1601387514,2020-09-29 13:51:54,,,,,,,,,2020-09-29T13:51:54.356Z,,2020-09-29T13:51:53.079Z,51.5192065,5.85744048,28.50550082,67.61800385,0.0,14.41976643,SUSPECTED_DRONE,23.06045613,0.95454568,True,,,,,,,,,,,,,,,,,
1601387515,2020-09-29 13:51:55,,,,,,,,,2020-09-29T13:51:55.656Z,,2020-09-29T13:51:54.371Z,51.51925315,5.85779183,27.31208895,71.43390656,0.0,16.16133118,SUSPECTED_DRONE,22.82828442,0.96344352,True,,,,,,,,,,,,,,,,,
1601387516,2020-09-29 13:51:56,,,,,,,,,2020-09-29T13:51:56.961Z,,2020-09-29T13:51:55.667Z,51.51932153,5.85803703,26.20383279,69.13774109,0.0,15.46992779,SUSPECTED_DRONE,22.60729475,0.97071934,True,,,,,,,,,,,,,,,,,
1601387518,2020-09-29 13:51:58,,,,,,,,,2020-09-29T13:51:58.262Z,,2020-09-29T13:51:56.952Z,51.51938926,5.85830378,25.2039195,68.25190735,0.0,15.54722786,SUSPECTED_DRONE,22.39739023,0.97657502,True,,,,,,,,,,,,,,,,,
1601387519,2020-09-29 13:51:59,,,,,,,,,2020-09-29T13:51:59.568Z,,2020-09-29T13:51:56.952Z,51.51938926,5.85830378,25.2039195,68.25190735,0.0,15.54722786,SUSPECTED_DRONE,22.39739023,0.97657502,True,,,,,,,,,,,,,,,,,
1601387520,2020-09-29 13:52:00,,,,,,,,,2020-09-29T13:52:00.867Z,,2020-09-29T13:51:56.952Z,51.51938926,5.85830378,25.2039195,68.25190735,0.0,15.54722786,SUSPECTED_DRONE,22.39739023,0.97657502,True,,,,,,,,,,,,,,,,,
1601387521,2020-09-29 13:52:01,,,,,,,,,2020-09-29T13:52:02.175Z,,2020-09-29T13:51:56.952Z,51.51938926,5.85830378,25.2039195,68.25190735,0.0,15.54722786,SUSPECTED_DRONE,22.39739023,0.97657502,True,,,,,,,,,,,,,,,,,
1601387523,2020-09-29 13:52:03,,,,,,,,,2020-09-29T13:52:03.476Z,,2020-09-29T13:51:56.952Z,51.51938926,5.85830378,25.2039195,68.25190735,0.0,15.54722786,SUSPECTED_DRONE,22.39739023,0.97657502,True,,,,,,,,,,,,,,,,,
1601387524,2020-09-29 13:52:04,,,,,,,,,2020-09-29T13:52:04.782Z,,2020-09-29T13:51:56.952Z,51.51938926,5.85830378,25.2039195,68.25190735,0.0,15.54722786,SUSPECTED_DRONE,22.39739023,0.97657502,True,,,,,,,,,,,,,,,,,
1601387525,2020-09-29 13:52:05,,,,,,,,,2020-09-29T13:52:06.088Z,,2020-09-29T13:51:56.952Z,51.51938926,5.85830378,25.2039195,68.25190735,0.0,15.54722786,SUSPECTED_DRONE,22.39739023,0.97657502,True,,,,,,,,,,,,,,,,,
1601387527,2020-09-29 13:52:07,,,,,,,,,2020-09-29T13:52:07.390Z,,2020-09-29T13:51:56.952Z,51.51938926,5.85830378,25.2039195,68.25190735,0.0,15.54722786,SUSPECTED_DRONE,22.39739023,0.97657502,True,,,,,,,,,,,,,,,,,
1601387528,2020-09-29 13:52:08,,,,,,,,,2020-09-29T13:52:08.696Z,,,,,,,,,,,,,,,,,,,,,,,,,,,,,
1601387529,2020-09-29 13:52:09,,,,,,,,,2020-09-29T13:52:09.998Z,,,,,,,,,,,,,,,,,,,,,,,,,,,,,
1601387531,2020-09-29 13:52:11,,,,,,,,,2020-09-29T13:52:11.303Z,,,,,,,,,,,,,,,,,,,,,,,,,,,,,
1601387532,2020-09-29 13:52:12,,,,,,,,,2020-09-29T13:52:12.603Z,,,,,,,,,,,,,,,,,,,,,,,,,,,,,
1601387533,2020-09-29 13:52:13,,,,,,,,,2020-09-29T13:52:13.908Z,,,,,,,,,,,,,,,,,,,,,,,,,,,,,
1601387534,2020-09-29 13:52:14,,,,,,,,,2020-09-29T13:52:15.211Z,,,,,,,,,,,,,,,,,,,,,,,,,,,,,
1601387536,2020-09-29 13:52:16,,,,,,,,,2020-09-29T13:52:16.517Z,,,,,,,,,,,,,,,,,,,,,,,,,,,,,
1601387537,2020-09-29 13:52:17,,,,,,,,,2020-09-29T13:52:17.823Z,,,,,,,,,,,,,,,,,,,,,,,,,,,,,
1601387538,2020-09-29 13:52:18,,,,,,,,,2020-09-29T13:52:19.122Z,,,,,,,,,,,,,,,,,,,,,,,,,,,,,
1601387540,2020-09-29 13:52:20,,,,,,,,,2020-09-29T13:52:20.430Z,,,,,,,,,,,,,,,,,,,,,,,,,,,,,
1601387541,2020-09-29 13:52:21,,,,,,,,,2020-09-29T13:52:21.730Z,,,,,,,,,,,,,,,,,,,,,,,,,,,,,
1601387542,2020-09-29 13:52:22,,,,,,,,,2020-09-29T13:52:23.037Z,,,,,,,,,,,,,,,,,,,,,,,,,,,,,
1601387544,2020-09-29 13:52:24,,,,,,,,,2020-09-29T13:52:24.336Z,,,,,,,,,,,,,,,,,,,,,,,,,,,,,
1601387545,2020-09-29 13:52:25,,,,,,,,,2020-09-29T13:52:25.643Z,,,,,,,,,,,,,,,,,,,,,,,,,,,,,
1601387546,2020-09-29 13:52:26,,,,,,,,,2020-09-29T13:52:26.944Z,,,,,,,,,,,,,,,,,,,,,,,,,,,,,
1601387548,2020-09-29 13:52:28,,,,,,,,,2020-09-29T13:52:28.274Z,,,,,,,,,,,,,,,,,,,,,,,,,,,,,
1601387549,2020-09-29 13:52:29,,,,,,,,,2020-09-29T13:52:29.551Z,,,,,,,,,,,,,,,,,,,,,,,,,,,,,
1601387550,2020-09-29 13:52:30,,,,,,,,,2020-09-29T13:52:30.859Z,,,,,,,,,,,,,,,,,,,,,,,,,,,,,
1601387551,2020-09-29 13:52:31,,,,,,,,,2020-09-29T13:52:32.163Z,,,,,,,,,,,,,,,,,,,,,,,,,,,,,
1601387553,2020-09-29 13:52:33,,,,,,,,,2020-09-29T13:52:33.466Z,,,,,,,,,,,,,,,,,,,,,,,,,,,,,
1601387554,2020-09-29 13:52:34,,,,,,,,,2020-09-29T13:52:34.765Z,,,,,,,,,,,,,,,,,,,,,,,,,,,,,
1601387555,2020-09-29 13:52:35,,,,,,,,,2020-09-29T13:52:36.072Z,,,,,,,,,,,,,,,,,,,,,,,,,,,,,
1601387557,2020-09-29 13:52:37,,,,,,,,,2020-09-29T13:52:37.372Z,,,,,,,,,,,,,,,,,,,,,,,,,,,,,
1601387558,2020-09-29 13:52:38,,,,,,,,,2020-09-29T13:52:38.679Z,,,,,,,,,,,,,,,,,,,,,,,,,,,,,
1601387559,2020-09-29 13:52:39,,,,,,,,,2020-09-29T13:52:39.979Z,,,,,,,,,,,,,,,,,,,,,,,,,,,,,
1601387561,2020-09-29 13:52:41,,,,,,,,,,,,,,,,,,,,,,2020-09-29T13:52:42.140Z,Elvira,2.2.4 (REL-2.2.x 22467),operational,Elvira Search,2.2.4 (REL-2.2.x 22467),operational,51.52126391,5.85862734,5.0,,,SearchRadar,0.0,0.0,,
1601387561,2020-09-29 13:52:41,,,,,,,,,2020-09-29T13:52:41.286Z,,,,,,,,,,,,,,,,,,,,,,,,,,,,,
1601387562,2020-09-29 13:52:42,,,,,,,,,2020-09-29T13:52:42.586Z,,,,,,,,,,,,,,,,,,,,,,,,,,,,,
1601387563,2020-09-29 13:52:43,,,,,,,,,2020-09-29T13:52:43.893Z,,,,,,,,,,,,,,,,,,,,,,,,,,,,,
1601387564,2020-09-29 13:52:44,,,,,,,,,2020-09-29T13:52:45.195Z,,,,,,,,,,,,,,,,,,,,,,,,,,,,,
1601387566,2020-09-29 13:52:46,,,,,,,,,2020-09-29T13:52:46.501Z,,,,,,,,,,,,,,,,,,,,,,,,,,,,,
1601387567,2020-09-29 13:52:47,,,,,,,,,2020-09-29T13:52:47.801Z,,,,,,,,,,,,,,,,,,,,,,,,,,,,,
1601387568,2020-09-29 13:52:48,,,,,,,,,2020-09-29T13:52:49.110Z,,,,,,,,,,,,,,,,,,,,,,,,,,,,,
1601387570,2020-09-29 13:52:50,,,,,,,,,2020-09-29T13:52:50.408Z,,,,,,,,,,,,,,,,,,,,,,,,,,,,,
1601387571,2020-09-29 13:52:51,,,,,,,,,2020-09-29T13:52:51.715Z,,2020-09-29T13:52:50.413Z,51.51950617,5.85818786,24.04956041,274.16076660000004,0.0,0.54740345,DRONE,1.47666413,0.67230946,True,,,,,,,,,,,,,,,,,
1601387572,2020-09-29 13:52:52,,,,,,,,,2020-09-29T13:52:53.014Z,,2020-09-29T13:52:51.715Z,51.51950202,5.85819222,24.08718797,189.8510437,0.0,0.29946691,DRONE,1.56689938,0.7378458999999999,True,,,,,,,,,,,,,,,,,
1601387574,2020-09-29 13:52:54,,,,,,,,,2020-09-29T13:52:54.322Z,,2020-09-29T13:52:53.020Z,51.51950885,5.85818243,24.02883163,336.21582031,0.0,0.81220418,DRONE,1.32469559,0.79026967,True,,,,,,,,,,,,,,,,,
1601387575,2020-09-29 13:52:55,,,,,,,,,2020-09-29T13:52:55.624Z,,2020-09-29T13:52:54.322Z,51.51951095,5.85819896,23.98770616,60.73497391,0.0,0.5060885,DRONE,1.06377539,0.83221,True,,,,,,,,,,,,,,,,,
1601387576,2020-09-29 13:52:56,,,,,,,,,2020-09-29T13:52:56.928Z,,2020-09-29T13:52:55.625Z,51.51950912,5.85820859,23.99717931,121.60535431,0.0,0.55453694,DRONE,1.03758772,0.86576706,True,,,,,,,,,,,,,,,,,
1601387578,2020-09-29 13:52:58,,,,,,,,,2020-09-29T13:52:58.229Z,,2020-09-29T13:52:56.930Z,51.51951172,5.8582019,23.97781107,340.02429199,0.0,0.2715115,DRONE,0.93168843,0.89261162,True,,,,,,,,,,,,,,,,,
1601387579,2020-09-29 13:52:59,,,,,,,,,2020-09-29T13:52:59.535Z,,2020-09-29T13:52:58.232Z,51.51951343,5.85822481,23.93780487,74.02854156,0.0,0.82709074,DRONE,0.69910434,0.91408718,True,,,,,,,,,,,,,,,,,
1601387580,2020-09-29 13:53:00,,,,,,,,,2020-09-29T13:53:00.838Z,,2020-09-29T13:52:58.232Z,51.51951343,5.85822481,23.93780487,74.02854156,0.0,0.82709074,DRONE,0.69910434,0.91408718,True,,,,,,,,,,,,,,,,,
1601387581,2020-09-29 13:53:01,,,,,,,,,2020-09-29T13:53:02.144Z,,2020-09-29T13:53:00.840Z,51.51951572,5.85821787,23.91613935,312.84857178,0.0,0.11431465,DRONE,0.47903702,0.91605735,True,,,,,,,,,,,,,,,,,
1601387583,2020-09-29 13:53:03,,,,,,,,,2020-09-29T13:53:03.444Z,,2020-09-29T13:53:00.840Z,51.51951572,5.85821787,23.91613935,312.84857178,0.0,0.11431465,DRONE,0.47903702,0.91605735,True,,,,,,,,,,,,,,,,,
1601387584,2020-09-29 13:53:04,,,,,,,,,2020-09-29T13:53:04.752Z,,2020-09-29T13:53:03.456Z,51.51952014,5.85816619,23.9207685,277.2986145,0.0,1.14111483,DRONE,0.37951784,0.91736126,True,,,,,,,,,,,,,,,,,
1601387585,2020-09-29 13:53:05,,,,,,,,,2020-09-29T13:53:06.052Z,,2020-09-29T13:53:03.456Z,51.51952014,5.85816619,23.9207685,277.2986145,0.0,1.14111483,DRONE,0.37951784,0.91736126,True,,,,,,,,,,,,,,,,,
1601387587,2020-09-29 13:53:07,,,,,,,,,2020-09-29T13:53:07.357Z,,2020-09-29T13:53:03.456Z,51.51952014,5.85816619,23.9207685,277.2986145,0.0,1.14111483,DRONE,0.37951784,0.91736126,True,,,,,,,,,,,,,,,,,
1601387588,2020-09-29 13:53:08,,,,,,,,,2020-09-29T13:53:08.658Z,,2020-09-29T13:53:07.358Z,51.51951442,5.85819293,23.95105233,182.30635071,0.0,0.07418773,SUSPECTED_DRONE,0.22584826,0.88630617,True,,,,,,,,,,,,,,,,,
1601387589,2020-09-29 13:53:09,,,,,,,,,2020-09-29T13:53:09.964Z,,2020-09-29T13:53:07.358Z,51.51951442,5.85819293,23.95105233,182.30635071,0.0,0.07418773,SUSPECTED_DRONE,0.22584826,0.88630617,True,,,,,,,,,,,,,,,,,
1601387591,2020-09-29 13:53:11,,,,,,,,,2020-09-29T13:53:11.265Z,,2020-09-29T13:53:07.358Z,51.51951442,5.85819293,23.95105233,182.30635071,0.0,0.07418773,SUSPECTED_DRONE,0.22584826,0.88630617,True,,,,,,,,,,,,,,,,,
1601387592,2020-09-29 13:53:12,,,,,,,,,2020-09-29T13:53:12.572Z,,2020-09-29T13:53:11.280Z,51.51950655,5.85811981,24.10144411,255.75190735,0.0,1.13621259,SUSPECTED_DRONE,2.01585375,0.8609097,True,,,,,,,,,,,,,,,,,
1601387593,2020-09-29 13:53:13,,,,,,,,,2020-09-29T13:53:13.873Z,,2020-09-29T13:53:12.593Z,51.51950713,5.8579902000000015,24.2605288,262.00430298,0.0,2.89594841,SUSPECTED_DRONE,2.28920693,0.88845181,True,,,,,,,,,,,,,,,,,
1601387594,2020-09-29 13:53:14,,,,,,,,,2020-09-29T13:53:15.179Z,,2020-09-29T13:53:13.894Z,51.51949932,5.85793461,24.44415412,258.25387573,0.0,2.99349594,SUSPECTED_DRONE,2.94856416,0.91076106,True,,,,,,,,,,,,,,,,,
