total in seconds,datetime(utc),Diana_time,DianaSensorPosition_latitude_deg,DianaSensorPosition_longitude_deg,DianaSensorPosition_altitude_m,DianaTargets_band,DianaTarget_ID,DianaTargetsTargetSignal_snr_dB,DianaTargetsTargetSignal_bearing_deg,DianaTargetsTargetSignal_range_m,DianaTargetsTargetClassification_type,DianaTargetsTargetClassification_model,DianaTargetsTargetClassification_score,channels
1601387030,2020-09-29 13:43:50,738063.7,51.519137,5.857951,31.0,2.0,1.0,22.66549,-0.8715209999999999,130.0,aircraft,Unknown,0.231271,1
1601387030,2020-09-29 13:43:50,,,,,,1000.0,18.296034,-0.8715209999999999,216.0,controller,DJI-MAVIC-2-PRO,0.449874,1
1601387030,2020-09-29 13:43:50,,,,,,0.0,15.573869,-0.8715209999999999,296.0,controller,Unknown,0.24286799999999997,1
1601387033,2020-09-29 13:43:53,738063.7,51.519137,5.857951,31.0,3.0,0.0,20.708282999999998,98.966941,164.0,controller,Unknown,0.3,2
1601387033,2020-09-29 13:43:53,,,,,,1000.0,25.949188,98.966941,89.0,controller,DJI-MAVIC-2-PRO,0.554818,2
1601387036,2020-09-29 13:43:56,738063.7,51.519137,5.857951,31.0,1.0,1001.0,36.03902,20.013664000000002,28.0,aircraft,DJI-MAVIC-2-PRO,0.366667,0
1601387036,2020-09-29 13:43:56,,,,,,1000.0,24.113551,20.013664000000002,110.0,controller,DJI-MAVIC-2-PRO,0.573389,0
1601387036,2020-09-29 13:43:56,,,,,,0.0,22.954953,20.013664000000002,126.0,controller,Unknown,0.23333299999999998,0
1601387039,2020-09-29 13:43:59,738063.7,51.519137,5.857951,31.0,2.0,1000.0,28.076726,101.103962,70.0,controller,DJI-MAVIC-2-PRO,0.733333,1
1601387039,2020-09-29 13:43:59,,,,,,1000.0,28.436101,101.103962,67.0,controller,DJI-MAVIC-2-PRO,0.526684,1
1601387041,2020-09-29 13:44:01,738063.7,51.519137,5.857951,31.0,3.0,1.0,17.104295999999998,81.483939,248.0,aircraft,Unknown,0.23333299999999998,2
1601387045,2020-09-29 13:44:05,,,,,,1000.0,24.528479,38.950423,105.0,controller,DJI-MAVIC-2-PRO,0.6,0
1601387045,2020-09-29 13:44:05,738063.7,51.519137,5.857951,31.0,1.0,12001.0,32.440903999999996,38.950423,42.0,aircraft,DJI-MAVIC-PRO-PLATINUM,0.3,0
1601387045,2020-09-29 13:44:05,,,,,,1000.0,23.968443,38.950423,112.0,controller,DJI-MAVIC-2-PRO,0.496386,0
1601387048,2020-09-29 13:44:08,,,,,,1000.0,20.803359,105.7419,162.0,controller,DJI-MAVIC-2-PRO,0.5,1
1601387048,2020-09-29 13:44:08,738063.7,51.519137,5.857951,31.0,2.0,0.0,21.04805,105.7419,157.0,controller,Unknown,0.40352899999999997,1
1601387048,2020-09-29 13:44:08,,,,,,0.0,20.627874,105.7419,165.0,controller,Unknown,0.351098,1
1601387050,2020-09-29 13:44:10,738063.7,51.519137,5.857951,31.0,3.0,,,,,,,,2
1601387054,2020-09-29 13:44:14,,,,,,0.0,21.507885,52.132929,149.0,controller,Unknown,0.266667,0
1601387054,2020-09-29 13:44:14,,,,,,0.0,20.20974,52.132929,173.0,controller,Unknown,0.324883,0
1601387054,2020-09-29 13:44:14,738063.7,51.519137,5.857951,31.0,1.0,1001.0,27.746240999999998,52.132929,72.0,aircraft,DJI-MAVIC-2-PRO,0.266667,0
1601387057,2020-09-29 13:44:17,738063.7,51.519137,5.857951,31.0,2.0,1000.0,10.739367,14.498277999999999,517.0,controller,DJI-MAVIC-2-PRO,0.5409390000000001,1
1601387057,2020-09-29 13:44:17,,,,,,0.0,10.028052,14.498277999999999,561.0,controller,Unknown,0.41325500000000004,1
1601387057,2020-09-29 13:44:17,,,,,,0.0,9.466885000000001,14.498277999999999,598.0,controller,Unknown,0.257358,1
1601387060,2020-09-29 13:44:20,738063.7,51.519137,5.857951,31.0,3.0,1000.0,24.421144,97.530901,107.0,controller,DJI-MAVIC-2-PRO,0.5855779999999999,2
1601387060,2020-09-29 13:44:20,,,,,,1000.0,24.302398999999998,97.530901,108.0,controller,DJI-MAVIC-2-PRO,0.509378,2
1601387063,2020-09-29 13:44:23,738063.7,51.519137,5.857951,31.0,1.0,15001.0,25.041906,54.385985999999995,99.0,aircraft,DJI-Phantom-4E,0.5,0
1601387063,2020-09-29 13:44:23,,,,,,20000.0,14.154314000000001,54.385985999999995,348.0,controller,Wifi-Bluetooth,0.6,0
1601387066,2020-09-29 13:44:26,,,,,,0.0,12.428269,102.698736,425.0,controller,Unknown,0.438475,1
1601387066,2020-09-29 13:44:26,,,,,,0.0,8.440287,102.698736,673.0,controller,Unknown,0.301799,1
1601387066,2020-09-29 13:44:26,738063.7,51.519137,5.857951,31.0,2.0,1000.0,11.356363,102.698736,481.0,controller,DJI-MAVIC-2-PRO,0.4674180000000001,1
1601387069,2020-09-29 13:44:29,738063.7,51.519137,5.857951,31.0,3.0,1000.0,23.769758,97.57953499999999,115.0,controller,DJI-MAVIC-2-PRO,0.552244,2
1601387069,2020-09-29 13:44:29,,,,,,0.0,22.906935,97.57953499999999,127.0,controller,Unknown,0.281933,2
1601387069,2020-09-29 13:44:29,,,,,,0.0,22.176807999999998,97.57953499999999,138.0,controller,Unknown,0.310531,2
1601387071,2020-09-29 13:44:31,738063.7,51.519137,5.857951,31.0,1.0,1001.0,22.913635,57.227332999999994,127.0,aircraft,DJI-MAVIC-2-PRO,0.43333299999999997,0
1601387075,2020-09-29 13:44:35,738063.7,51.519137,5.857951,31.0,2.0,1.0,15.674082,85.44670500000002,292.0,aircraft,Unknown,0.266667,1
1601387075,2020-09-29 13:44:35,,,,,,1000.0,22.26785,85.44670500000002,137.0,controller,DJI-MAVIC-2-PRO,0.733333,1
1601387075,2020-09-29 13:44:35,,,,,,1000.0,17.43724,85.44670500000002,239.0,controller,DJI-MAVIC-2-PRO,0.8,1
1601387078,2020-09-29 13:44:38,,,,,,0.0,21.837509,99.934893,144.0,controller,Unknown,0.27463699999999996,2
1601387078,2020-09-29 13:44:38,738063.7,51.519137,5.857951,31.0,3.0,0.0,22.00806,99.934893,141.0,controller,Unknown,0.443504,2
1601387081,2020-09-29 13:44:41,,,,,,20000.0,20.27366,59.318270999999996,172.0,controller,Wifi-Bluetooth,0.766667,0
1601387081,2020-09-29 13:44:41,738063.7,51.519137,5.857951,31.0,1.0,1.0,20.200682,59.318270999999996,173.0,aircraft,Unknown,0.366667,0
1601387081,2020-09-29 13:44:41,,,,,,1000.0,20.850982000000002,59.318270999999996,161.0,controller,DJI-MAVIC-2-PRO,0.46051099999999995,0
1601387084,2020-09-29 13:44:44,738063.7,51.519137,5.857951,31.0,2.0,1.0,15.904570000000001,83.221737,285.0,aircraft,Unknown,0.333333,1
1601387084,2020-09-29 13:44:44,,,,,,0.0,14.000604999999998,83.221737,355.0,controller,Unknown,0.23333299999999998,1
1601387084,2020-09-29 13:44:44,,,,,,0.0,11.675689,83.221737,464.0,controller,Unknown,0.440939,1
1601387087,2020-09-29 13:44:47,738063.7,51.519137,5.857951,31.0,3.0,0.0,10.946424,65.865251,504.0,controller,Unknown,0.2,2
1601387087,2020-09-29 13:44:47,,,,,,0.0,10.848728,65.865251,510.0,controller,Unknown,0.23333299999999998,2
1601387090,2020-09-29 13:44:50,738063.7,51.519137,5.857951,31.0,1.0,15001.0,11.843960000000001,58.393935,455.0,aircraft,DJI-Phantom-4E,0.43333299999999997,0
1601387090,2020-09-29 13:44:50,,,,,,20000.0,19.331495,58.393935,192.0,controller,Wifi-Bluetooth,0.566667,0
1601387090,2020-09-29 13:44:50,,,,,,0.0,19.412508,58.393935,190.0,controller,Unknown,0.166667,0
1601387093,2020-09-29 13:44:53,738063.7,51.519137,5.857951,31.0,2.0,1000.0,31.876808,99.74850500000001,45.0,controller,DJI-MAVIC-2-PRO,0.531674,1
1601387093,2020-09-29 13:44:53,,,,,,1000.0,30.541048999999997,99.74850500000001,52.0,controller,DJI-MAVIC-2-PRO,0.587318,1
1601387093,2020-09-29 13:44:53,,,,,,0.0,28.761903999999998,99.74850500000001,64.0,controller,Unknown,0.437083,1
1601387096,2020-09-29 13:44:56,738063.7,51.519137,5.857951,31.0,3.0,1000.0,29.288104999999998,98.926837,61.0,controller,DJI-MAVIC-2-PRO,0.6,2
1601387096,2020-09-29 13:44:56,,,,,,1000.0,29.060434000000004,98.926837,62.0,controller,DJI-MAVIC-2-PRO,0.587318,2
1601387096,2020-09-29 13:44:56,,,,,,1000.0,29.022949,98.926837,63.0,controller,DJI-MAVIC-2-PRO,0.475038,2
1601387099,2020-09-29 13:44:59,,,,,,1001.0,21.757735999999998,14.017947,145.0,aircraft,DJI-MAVIC-2-PRO,0.633333,0
1601387099,2020-09-29 13:44:59,,,,,,0.0,20.722864,14.017947,163.0,controller,Unknown,0.272405,0
1601387099,2020-09-29 13:44:59,738063.7,51.519137,5.857951,31.0,1.0,1000.0,27.117057,14.017947,78.0,controller,DJI-MAVIC-2-PRO,0.7,0
1601387102,2020-09-29 13:45:02,,,,,,1.0,16.566226,99.37274599999999,264.0,aircraft,Unknown,0.266667,1
1601387102,2020-09-29 13:45:02,738063.7,51.519137,5.857951,31.0,2.0,1000.0,29.589839,99.37274599999999,59.0,controller,DJI-MAVIC-2-PRO,0.501243,1
1601387102,2020-09-29 13:45:02,,,,,,1000.0,28.564835,99.37274599999999,66.0,controller,DJI-MAVIC-2-PRO,0.43333299999999997,1
1601387105,2020-09-29 13:45:05,738063.7,51.519137,5.857951,31.0,3.0,1.0,16.211823000000006,81.71137900000002,275.0,aircraft,Unknown,0.20086400000000001,2
1601387105,2020-09-29 13:45:05,,,,,,0.0,12.533806,81.71137900000002,420.0,controller,Unknown,0.366667,2
1601387105,2020-09-29 13:45:05,,,,,,0.0,11.509157,81.71137900000002,473.0,controller,Unknown,0.23333299999999998,2
1601387108,2020-09-29 13:45:08,738063.7,51.519137,5.857951,31.0,1.0,1000.0,30.09688400000001,101.97755699999999,55.0,controller,DJI-MAVIC-2-PRO,0.533333,0
1601387108,2020-09-29 13:45:08,,,,,,1000.0,27.505481,101.97755699999999,75.0,controller,DJI-MAVIC-2-PRO,0.500343,0
1601387108,2020-09-29 13:45:08,,,,,,0.0,8.667093,101.97755699999999,656.0,controller,Unknown,0.23333299999999998,0
1601387111,2020-09-29 13:45:11,738063.7,51.519137,5.857951,31.0,2.0,0.0,23.312232,100.96566,121.0,controller,Unknown,0.421333,1
1601387111,2020-09-29 13:45:11,,,,,,0.0,19.569595,100.96566,187.0,controller,Unknown,0.2,1
1601387114,2020-09-29 13:45:14,,,,,,0.0,12.001813,81.65769,447.0,controller,Unknown,0.266667,2
1601387114,2020-09-29 13:45:14,738063.7,51.519137,5.857951,31.0,3.0,20000.0,16.203253,81.65769,275.0,controller,Wifi-Bluetooth,0.666667,2
1601387114,2020-09-29 13:45:14,,,,,,18000.0,12.447809,81.65769,424.0,controller,SYMA-X8HW,0.533333,2
1601387117,2020-09-29 13:45:17,738063.7,51.519137,5.857951,31.0,1.0,1001.0,28.362638,101.982326,67.0,aircraft,DJI-MAVIC-2-PRO,0.666667,0
1601387117,2020-09-29 13:45:17,,,,,,1000.0,29.266578999999997,101.982326,61.0,controller,DJI-MAVIC-2-PRO,0.5539850000000001,0
1601387117,2020-09-29 13:45:17,,,,,,1000.0,28.667259,101.982326,65.0,controller,DJI-MAVIC-2-PRO,0.573389,0
1601387120,2020-09-29 13:45:20,738063.7,51.519137,5.857951,31.0,2.0,1001.0,29.982339,98.949048,56.0,aircraft,DJI-MAVIC-2-PRO,0.566667,1
1601387120,2020-09-29 13:45:20,,,,,,0.0,26.147263,98.949048,87.0,controller,Unknown,0.333333,1
1601387120,2020-09-29 13:45:20,,,,,,0.0,21.653831,98.949048,147.0,controller,Unknown,0.3,1
1601387123,2020-09-29 13:45:23,,,,,,0.0,18.083831,80.966853,221.0,controller,Unknown,0.333333,2
1601387123,2020-09-29 13:45:23,,,,,,18000.0,17.969525,80.966853,224.0,controller,SYMA-X8HW,0.6,2
1601387123,2020-09-29 13:45:23,738063.7,51.519137,5.857951,31.0,3.0,0.0,17.328553,80.966853,242.0,controller,Unknown,0.23333299999999998,2
1601387126,2020-09-29 13:45:26,738063.7,51.519137,5.857951,31.0,1.0,1001.0,27.390108,101.771408,76.0,aircraft,DJI-MAVIC-2-PRO,0.566667,0
1601387126,2020-09-29 13:45:26,,,,,,1000.0,28.047595,101.771408,70.0,controller,DJI-MAVIC-2-PRO,0.7,0
1601387126,2020-09-29 13:45:26,,,,,,1000.0,29.620094,101.771408,58.0,controller,DJI-MAVIC-2-PRO,0.587318,0
1601387129,2020-09-29 13:45:29,738063.7,51.519137,5.857951,31.0,2.0,0.0,28.182962,24.707620000000002,69.0,controller,Unknown,0.313271,1
1601387129,2020-09-29 13:45:29,,,,,,0.0,24.601353,24.707620000000002,104.0,controller,Unknown,0.205163,1
1601387129,2020-09-29 13:45:29,,,,,,0.0,24.03949200000001,24.707620000000002,111.0,controller,Unknown,0.3,1
1601387132,2020-09-29 13:45:32,738063.7,51.519137,5.857951,31.0,3.0,0.0,27.32633400000001,97.769533,76.0,controller,Unknown,0.23333299999999998,2
1601387132,2020-09-29 13:45:32,,,,,,18000.0,18.425254000000002,97.769533,213.0,controller,SYMA-X8HW,0.766667,2
1601387132,2020-09-29 13:45:32,,,,,,0.0,18.148746,97.769533,220.0,controller,Unknown,0.43333299999999997,2
1601387135,2020-09-29 13:45:35,738063.7,51.519137,5.857951,31.0,1.0,11001.0,26.548663,101.009967,83.0,aircraft,Parrot-ANAFI,0.566667,0
1601387135,2020-09-29 13:45:35,,,,,,1000.0,28.328411,101.009967,68.0,controller,DJI-MAVIC-2-PRO,0.47903599999999996,0
1601387135,2020-09-29 13:45:35,,,,,,1000.0,27.777563,101.009967,72.0,controller,DJI-MAVIC-2-PRO,0.573389,0
1601387138,2020-09-29 13:45:38,,,,,,1000.0,30.453286,16.477288,53.0,controller,DJI-MAVIC-2-PRO,0.5855779999999999,1
1601387138,2020-09-29 13:45:38,738063.7,51.519137,5.857951,31.0,2.0,1000.0,31.184742,16.477288,49.0,controller,DJI-MAVIC-2-PRO,0.766667,1
1601387138,2020-09-29 13:45:38,,,,,,1000.0,29.3562,16.477288,60.0,controller,DJI-MAVIC-2-PRO,0.54495,1
1601387141,2020-09-29 13:45:41,,,,,,18000.0,20.299664,12.001964,172.0,controller,SYMA-X8HW,0.8,2
1601387141,2020-09-29 13:45:41,738063.7,51.519137,5.857951,31.0,3.0,1000.0,25.186819,12.001964,97.0,controller,DJI-MAVIC-2-PRO,0.5539850000000001,2
1601387141,2020-09-29 13:45:41,,,,,,18000.0,21.67168,12.001964,146.0,controller,SYMA-X8HW,0.533333,2
1601387144,2020-09-29 13:45:44,,,,,,0.0,19.170488,55.485964,195.0,controller,Unknown,0.36438899999999996,0
1601387144,2020-09-29 13:45:44,738063.7,51.519137,5.857951,31.0,1.0,1.0,19.657395,55.485964,185.0,aircraft,Unknown,0.222227,0
1601387144,2020-09-29 13:45:44,,,,,,0.0,20.948253,55.485964,159.0,controller,Unknown,0.325059,0
1601387147,2020-09-29 13:45:47,738063.7,51.519137,5.857951,31.0,2.0,1.0,21.29702,98.650228,153.0,aircraft,Unknown,0.266667,1
1601387147,2020-09-29 13:45:47,,,,,,1000.0,24.92096,98.650228,101.0,controller,DJI-MAVIC-2-PRO,0.573012,1
1601387147,2020-09-29 13:45:47,,,,,,1000.0,25.142979999999998,98.650228,98.0,controller,DJI-MAVIC-2-PRO,0.587318,1
1601387150,2020-09-29 13:45:50,738063.7,51.519137,5.857951,31.0,3.0,1000.0,29.435109999999998,15.450525,60.0,controller,DJI-MAVIC-2-PRO,0.6,2
1601387150,2020-09-29 13:45:50,,,,,,18000.0,22.565927,15.450525,132.0,controller,SYMA-X8HW,0.666667,2
1601387150,2020-09-29 13:45:50,,,,,,18000.0,22.359003,15.450525,135.0,controller,SYMA-X8HW,0.5,2
1601387153,2020-09-29 13:45:53,,,,,,0.0,28.232253999999998,17.663254000000006,69.0,controller,Unknown,0.23333299999999998,0
1601387153,2020-09-29 13:45:53,,,,,,1000.0,29.439484000000004,17.663254000000006,60.0,controller,DJI-MAVIC-2-PRO,0.5539850000000001,0
1601387153,2020-09-29 13:45:53,738063.7,51.519137,5.857951,31.0,1.0,1001.0,26.986651000000002,17.663254000000006,79.0,aircraft,DJI-MAVIC-2-PRO,0.549992,0
1601387156,2020-09-29 13:45:56,738063.7,51.519137,5.857951,31.0,2.0,1000.0,27.940864,97.474335,71.0,controller,DJI-MAVIC-2-PRO,0.580507,1
1601387156,2020-09-29 13:45:56,,,,,,1000.0,28.65004,97.474335,65.0,controller,DJI-MAVIC-2-PRO,0.47130900000000003,1
1601387156,2020-09-29 13:45:56,,,,,,1.0,19.414126,97.474335,190.0,aircraft,Unknown,0.366667,1
1601387159,2020-09-29 13:45:59,738063.7,51.519137,5.857951,31.0,3.0,18000.0,25.456305,53.877929,94.0,controller,SYMA-X8HW,0.833333,2
1601387159,2020-09-29 13:45:59,,,,,,0.0,23.444219,53.877929,119.0,controller,Unknown,0.466667,2
1601387159,2020-09-29 13:45:59,,,,,,18000.0,24.113694,53.877929,110.0,controller,SYMA-X8HW,0.866667,2
1601387162,2020-09-29 13:46:02,,,,,,0.0,22.776176,29.809426000000002,129.0,controller,Unknown,0.23333299999999998,0
1601387162,2020-09-29 13:46:02,,,,,,0.0,17.908381,29.809426000000002,226.0,controller,Unknown,0.127402,0
1601387162,2020-09-29 13:46:02,738063.7,51.519137,5.857951,31.0,1.0,12001.0,33.827005,29.809426000000002,36.0,aircraft,DJI-MAVIC-PRO-PLATINUM,0.366667,0
1601387165,2020-09-29 13:46:05,738063.7,51.519137,5.857951,31.0,2.0,0.0,23.088518,99.445128,124.0,controller,Unknown,0.4,1
1601387165,2020-09-29 13:46:05,,,,,,1000.0,25.324,99.445128,96.0,controller,DJI-MAVIC-2-PRO,0.522162,1
1601387165,2020-09-29 13:46:05,,,,,,1000.0,20.82179,99.445128,161.0,controller,DJI-MAVIC-2-PRO,0.5855779999999999,1
1601387168,2020-09-29 13:46:08,738063.7,51.519137,5.857951,31.0,3.0,18000.0,26.565004,52.257661,83.0,controller,SYMA-X8HW,0.533333,2
1601387168,2020-09-29 13:46:08,,,,,,18000.0,26.00582600000001,52.257661,89.0,controller,SYMA-X8HW,0.566667,2
1601387168,2020-09-29 13:46:08,,,,,,18000.0,26.785415999999998,52.257661,81.0,controller,SYMA-X8HW,0.9,2
1601387171,2020-09-29 13:46:11,,,,,,0.0,17.729208,56.364722,231.0,controller,Unknown,0.43333299999999997,0
1601387171,2020-09-29 13:46:11,738063.7,51.519137,5.857951,31.0,1.0,12001.0,29.268876000000002,56.364722,61.0,aircraft,DJI-MAVIC-PRO-PLATINUM,0.333333,0
1601387171,2020-09-29 13:46:11,,,,,,0.0,21.917624,56.364722,142.0,controller,Unknown,0.38043699999999997,0
1601387174,2020-09-29 13:46:14,738063.7,51.519137,5.857951,31.0,2.0,1.0,26.131185000000002,100.755713,87.0,aircraft,Unknown,0.166667,1
1601387174,2020-09-29 13:46:14,,,,,,1000.0,29.4505,100.755713,59.0,controller,DJI-MAVIC-2-PRO,0.5231100000000001,1
1601387174,2020-09-29 13:46:14,,,,,,0.0,16.178745000000006,100.755713,276.0,controller,Unknown,0.36598200000000003,1
1601387177,2020-09-29 13:46:17,738063.7,51.519137,5.857951,31.0,3.0,18000.0,28.126572999999997,46.11179,69.0,controller,SYMA-X8HW,0.666667,2
1601387177,2020-09-29 13:46:17,,,,,,18000.0,27.280047999999997,46.11179,77.0,controller,SYMA-X8HW,0.533333,2
1601387177,2020-09-29 13:46:17,,,,,,18000.0,27.237486999999998,46.11179,77.0,controller,SYMA-X8HW,0.833333,2
1601387180,2020-09-29 13:46:20,,,,,,0.0,7.8380589999999986,64.32280899999999,722.0,controller,Unknown,0.4,0
1601387180,2020-09-29 13:46:20,738063.7,51.519137,5.857951,31.0,1.0,15001.0,23.758994,64.32280899999999,115.0,aircraft,DJI-Phantom-4E,0.43333299999999997,0
1601387183,2020-09-29 13:46:23,,,,,,0.0,26.598133,35.437201,83.0,controller,Unknown,0.405977,1
1601387183,2020-09-29 13:46:23,738063.7,51.519137,5.857951,31.0,2.0,1.0,23.848526,35.437201,114.0,aircraft,Unknown,0.3,1
1601387183,2020-09-29 13:46:23,,,,,,1000.0,27.80910200000001,35.437201,72.0,controller,DJI-MAVIC-2-PRO,0.57199,1
1601387186,2020-09-29 13:46:26,738063.7,51.519137,5.857951,31.0,3.0,1.0,24.208957,37.233345,109.0,aircraft,Unknown,0.333333,2
1601387186,2020-09-29 13:46:26,,,,,,1.0,22.297538,37.233345,136.0,aircraft,Unknown,0.3,2
1601387186,2020-09-29 13:46:26,,,,,,0.0,8.239797,37.233345,689.0,controller,Unknown,0.466667,2
1601387190,2020-09-29 13:46:30,738063.7,51.519137,5.857951,31.0,1.0,15001.0,22.8687,64.08417,127.0,aircraft,DJI-Phantom-4E,0.3,0
1601387190,2020-09-29 13:46:30,,,,,,20000.0,15.333008999999999,64.08417,304.0,controller,Wifi-Bluetooth,0.833333,0
1601387190,2020-09-29 13:46:30,,,,,,0.0,12.349395,64.08417,429.0,controller,Unknown,0.23333299999999998,0
1601387191,2020-09-29 13:46:31,738063.7,51.519137,5.857951,31.0,2.0,18000.0,21.145668,26.221564,156.0,controller,SYMA-X8HW,0.533333,1
1601387195,2020-09-29 13:46:35,,,,,,0.0,26.325034000000002,12.195111,85.0,controller,Unknown,0.466667,2
1601387195,2020-09-29 13:46:35,738063.7,51.519137,5.857951,31.0,3.0,1.0,29.051552,12.195111,62.0,aircraft,Unknown,0.333333,2
1601387195,2020-09-29 13:46:35,,,,,,1.0,26.614238,12.195111,83.0,aircraft,Unknown,0.266667,2
1601387198,2020-09-29 13:46:38,738063.7,51.519137,5.857951,31.0,1.0,1001.0,19.85797,105.071882,180.0,aircraft,DJI-MAVIC-2-PRO,0.8,0
1601387198,2020-09-29 13:46:38,,,,,,1000.0,25.752896,105.071882,91.0,controller,DJI-MAVIC-2-PRO,0.47604399999999997,0
1601387198,2020-09-29 13:46:38,,,,,,0.0,25.910061,105.071882,90.0,controller,Unknown,0.38284,0
1601387201,2020-09-29 13:46:41,738063.7,51.519137,5.857951,31.0,2.0,0.0,29.516379999999998,115.18685900000001,59.0,controller,Unknown,0.3,1
1601387201,2020-09-29 13:46:41,,,,,,1000.0,22.102125,115.18685900000001,139.0,controller,DJI-MAVIC-2-PRO,0.6,1
1601387201,2020-09-29 13:46:41,,,,,,1000.0,23.941009,115.18685900000001,113.0,controller,DJI-MAVIC-2-PRO,0.580507,1
1601387204,2020-09-29 13:46:44,,,,,,0.0,30.643748,-3.7070300000000014,52.0,controller,Unknown,0.466667,2
1601387204,2020-09-29 13:46:44,738063.7,51.519137,5.857951,31.0,3.0,1.0,31.598233,-3.7070300000000014,46.0,aircraft,Unknown,0.3,2
1601387207,2020-09-29 13:46:47,738063.7,51.519137,5.857951,31.0,1.0,1000.0,29.697164,106.45120800000001,58.0,controller,DJI-MAVIC-2-PRO,0.866667,0
1601387207,2020-09-29 13:46:47,,,,,,1001.0,20.130349,106.45120800000001,175.0,aircraft,DJI-MAVIC-2-PRO,0.766667,0
1601387207,2020-09-29 13:46:47,,,,,,0.0,23.971504,106.45120800000001,112.0,controller,Unknown,0.4,0
1601387210,2020-09-29 13:46:50,738063.7,51.519137,5.857951,31.0,2.0,0.0,27.44675,103.281166,75.0,controller,Unknown,0.41017,1
1601387210,2020-09-29 13:46:50,,,,,,1000.0,27.102734,103.281166,78.0,controller,DJI-MAVIC-2-PRO,0.549696,1
1601387210,2020-09-29 13:46:50,,,,,,1000.0,25.615871,103.281166,93.0,controller,DJI-MAVIC-2-PRO,0.520927,1
1601387213,2020-09-29 13:46:53,738063.7,51.519137,5.857951,31.0,3.0,18000.0,23.952194,29.267184999999998,112.0,controller,SYMA-X8HW,0.866667,2
1601387213,2020-09-29 13:46:53,,,,,,0.0,16.604846,29.267184999999998,263.0,controller,Unknown,0.4,2
1601387213,2020-09-29 13:46:53,,,,,,0.0,22.853977,29.267184999999998,128.0,controller,Unknown,0.266667,2
1601387216,2020-09-29 13:46:56,738063.7,51.519137,5.857951,31.0,1.0,1001.0,25.021143,105.63429,99.0,aircraft,DJI-MAVIC-2-PRO,0.566667,0
1601387216,2020-09-29 13:46:56,,,,,,1000.0,26.199579999999997,105.63429,87.0,controller,DJI-MAVIC-2-PRO,0.633333,0
1601387216,2020-09-29 13:46:56,,,,,,1000.0,25.717862,105.63429,92.0,controller,DJI-MAVIC-2-PRO,0.5400560000000001,0
1601387219,2020-09-29 13:46:59,738063.7,51.519137,5.857951,31.0,2.0,18000.0,26.030832999999998,36.073546,88.0,controller,SYMA-X8HW,0.666667,1
1601387222,2020-09-29 13:47:02,,,,,,0.0,27.927829,38.563795,71.0,controller,Unknown,0.4,2
1601387222,2020-09-29 13:47:02,,,,,,18000.0,28.3921,38.563795,67.0,controller,SYMA-X8HW,0.666667,2
1601387222,2020-09-29 13:47:02,738063.7,51.519137,5.857951,31.0,3.0,18000.0,28.543384999999997,38.563795,66.0,controller,SYMA-X8HW,0.5,2
1601387226,2020-09-29 13:47:06,,,,,,1000.0,24.291468,107.884679,108.0,controller,DJI-MAVIC-2-PRO,0.833333,0
1601387226,2020-09-29 13:47:06,,,,,,20000.0,18.687212,107.884679,207.0,controller,Wifi-Bluetooth,0.666667,0
1601387226,2020-09-29 13:47:06,738063.7,51.519137,5.857951,31.0,1.0,1001.0,21.381660999999998,107.884679,151.0,aircraft,DJI-MAVIC-2-PRO,0.533333,0
1601387228,2020-09-29 13:47:08,,,,,,1000.0,29.272706,112.56914499999999,61.0,controller,DJI-MAVIC-2-PRO,0.666667,1
1601387228,2020-09-29 13:47:08,,,,,,1000.0,27.867645,112.56914499999999,71.0,controller,DJI-MAVIC-2-PRO,0.9,1
1601387228,2020-09-29 13:47:08,738063.7,51.519137,5.857951,31.0,2.0,18000.0,29.695865,112.56914499999999,58.0,controller,SYMA-X8HW,0.7,1
1601387231,2020-09-29 13:47:11,,,,,,18000.0,26.928931,57.953376,80.0,controller,SYMA-X8HW,0.633333,2
1601387231,2020-09-29 13:47:11,738063.7,51.519137,5.857951,31.0,3.0,18000.0,26.763336,57.953376,81.0,controller,SYMA-X8HW,0.5,2
1601387231,2020-09-29 13:47:11,,,,,,18000.0,27.41524,57.953376,75.0,controller,SYMA-X8HW,0.566667,2
1601387234,2020-09-29 13:47:14,738063.7,51.519137,5.857951,31.0,1.0,1001.0,18.09583,101.892986,221.0,aircraft,DJI-MAVIC-2-PRO,0.5083439999999999,0
1601387234,2020-09-29 13:47:14,,,,,,1000.0,24.447232999999997,101.892986,106.0,controller,DJI-MAVIC-2-PRO,0.573389,0
1601387234,2020-09-29 13:47:14,,,,,,1000.0,24.167206,101.892986,110.0,controller,DJI-MAVIC-2-PRO,0.47604399999999997,0
1601387237,2020-09-29 13:47:17,738063.7,51.519137,5.857951,31.0,2.0,1.0,21.979312,97.114257,141.0,aircraft,Unknown,0.23333299999999998,1
1601387237,2020-09-29 13:47:17,,,,,,0.0,23.810319,97.114257,114.0,controller,Unknown,0.41017,1
1601387237,2020-09-29 13:47:17,,,,,,0.0,10.433413,97.114257,535.0,controller,Unknown,0.23333299999999998,1
1601387239,2020-09-29 13:47:19,738063.7,51.519137,5.857951,31.0,3.0,,,,,,,,2
1601387243,2020-09-29 13:47:23,,,,,,0.0,20.345976,104.922655,171.0,controller,Unknown,0.36426,0
1601387243,2020-09-29 13:47:23,738063.7,51.519137,5.857951,31.0,1.0,11001.0,18.732632000000002,104.922655,206.0,aircraft,Parrot-ANAFI,0.5,0
1601387243,2020-09-29 13:47:23,,,,,,0.0,22.148198,104.922655,139.0,controller,Unknown,0.382652,0
1601387246,2020-09-29 13:47:26,738063.7,51.519137,5.857951,31.0,2.0,1000.0,21.716960999999998,98.54135699999999,146.0,controller,DJI-MAVIC-2-PRO,0.521369,1
1601387246,2020-09-29 13:47:26,,,,,,1000.0,24.732878,98.54135699999999,103.0,controller,DJI-MAVIC-2-PRO,0.526488,1
1601387246,2020-09-29 13:47:26,,,,,,1000.0,25.063032999999997,98.54135699999999,99.0,controller,DJI-MAVIC-2-PRO,0.553493,1
1601387249,2020-09-29 13:47:29,,,,,,0.0,19.985483,97.09553199999999,178.0,controller,Unknown,0.281933,2
1601387249,2020-09-29 13:47:29,738063.7,51.519137,5.857951,31.0,3.0,1000.0,22.649684,97.09553199999999,131.0,controller,DJI-MAVIC-2-PRO,0.569512,2
1601387249,2020-09-29 13:47:29,,,,,,0.0,20.992252,97.09553199999999,158.0,controller,Unknown,0.290517,2
1601387252,2020-09-29 13:47:32,,,,,,0.0,19.006263,20.504402,199.0,controller,Unknown,0.333333,0
1601387252,2020-09-29 13:47:32,,,,,,0.0,17.996834,20.504402,224.0,controller,Unknown,0.4,0
1601387252,2020-09-29 13:47:32,738063.7,51.519137,5.857951,31.0,1.0,15001.0,16.379701,20.504402,270.0,aircraft,DJI-Phantom-4E,0.333333,0
1601387256,2020-09-29 13:47:36,738063.7,51.519137,5.857951,31.0,2.0,1.0,25.047175,98.877053,99.0,aircraft,Unknown,0.3,1
1601387256,2020-09-29 13:47:36,,,,,,1000.0,28.247115,98.877053,68.0,controller,DJI-MAVIC-2-PRO,0.573389,1
1601387256,2020-09-29 13:47:36,,,,,,0.0,9.941564999999999,98.877053,566.0,controller,Unknown,0.126995,1
1601387257,2020-09-29 13:47:37,738063.7,51.519137,5.857951,31.0,3.0,,,,,,,,2
1601387261,2020-09-29 13:47:41,738063.7,51.519137,5.857951,31.0,1.0,1.0,26.946465999999997,21.572077,80.0,aircraft,Unknown,0.191678,0
1601387261,2020-09-29 13:47:41,,,,,,0.0,26.01766700000001,21.572077,89.0,controller,Unknown,0.38284,0
1601387261,2020-09-29 13:47:41,,,,,,0.0,24.736306,21.572077,103.0,controller,Unknown,0.41017,0
1601387264,2020-09-29 13:47:44,,,,,,1000.0,28.535752000000002,98.656483,66.0,controller,DJI-MAVIC-2-PRO,0.580507,1
1601387264,2020-09-29 13:47:44,,,,,,1000.0,24.835962,98.656483,102.0,controller,DJI-MAVIC-2-PRO,0.5188520000000001,1
1601387264,2020-09-29 13:47:44,738063.7,51.519137,5.857951,31.0,2.0,1001.0,24.968164,98.656483,100.0,aircraft,DJI-MAVIC-2-PRO,0.7,1
1601387267,2020-09-29 13:47:47,738063.7,51.519137,5.857951,31.0,3.0,1000.0,32.591599,18.56123,41.0,controller,DJI-MAVIC-2-PRO,0.733333,2
1601387267,2020-09-29 13:47:47,,,,,,1000.0,26.127788,18.56123,87.0,controller,DJI-MAVIC-2-PRO,0.733333,2
1601387267,2020-09-29 13:47:47,,,,,,0.0,18.133728,18.56123,220.0,controller,Unknown,0.366667,2
1601387270,2020-09-29 13:47:50,738063.7,51.519137,5.857951,31.0,1.0,1001.0,27.063659,15.074854,78.0,aircraft,DJI-MAVIC-2-PRO,0.4,0
1601387270,2020-09-29 13:47:50,,,,,,1000.0,27.379317999999998,15.074854,76.0,controller,DJI-MAVIC-2-PRO,0.5,0
1601387270,2020-09-29 13:47:50,,,,,,1000.0,27.304033,15.074854,76.0,controller,DJI-MAVIC-2-PRO,0.8,0
1601387274,2020-09-29 13:47:54,,,,,,1000.0,28.947243,98.991741,63.0,controller,DJI-MAVIC-2-PRO,0.5855779999999999,1
1601387274,2020-09-29 13:47:54,738063.7,51.519137,5.857951,31.0,2.0,1000.0,29.150256,98.991741,62.0,controller,DJI-MAVIC-2-PRO,0.6197090000000001,1
1601387274,2020-09-29 13:47:54,,,,,,1000.0,28.24727,98.991741,68.0,controller,DJI-MAVIC-2-PRO,0.552244,1
1601387275,2020-09-29 13:47:55,738063.7,51.519137,5.857951,31.0,3.0,0.0,14.996435,81.716048,316.0,controller,Unknown,0.21254099999999998,2
1601387280,2020-09-29 13:48:00,738063.7,51.519137,5.857951,31.0,1.0,12001.0,31.749543,41.744766999999996,46.0,aircraft,DJI-MAVIC-PRO-PLATINUM,0.43333299999999997,0
1601387280,2020-09-29 13:48:00,,,,,,0.0,20.532067,41.744766999999996,167.0,controller,Unknown,0.466667,0
1601387280,2020-09-29 13:48:00,,,,,,1000.0,19.328303,41.744766999999996,192.0,controller,DJI-MAVIC-2-PRO,0.566667,0
1601387282,2020-09-29 13:48:02,738063.7,51.519137,5.857951,31.0,2.0,1000.0,30.203695,100.128072,54.0,controller,DJI-MAVIC-2-PRO,0.476837,1
1601387282,2020-09-29 13:48:02,,,,,,1000.0,28.975986,100.128072,63.0,controller,DJI-MAVIC-2-PRO,0.580507,1
1601387282,2020-09-29 13:48:02,,,,,,1000.0,28.073213,100.128072,70.0,controller,DJI-MAVIC-2-PRO,0.573389,1
1601387285,2020-09-29 13:48:05,738063.7,51.519137,5.857951,31.0,3.0,1.0,23.402773999999997,97.277167,120.0,aircraft,Unknown,0.333333,2
1601387285,2020-09-29 13:48:05,,,,,,1000.0,27.869324,97.277167,71.0,controller,DJI-MAVIC-2-PRO,0.565008,2
1601387288,2020-09-29 13:48:08,,,,,,11000.0,8.743786,53.653424,650.0,controller,Parrot-ANAFI,0.533333,0
1601387288,2020-09-29 13:48:08,,,,,,0.0,18.64872,53.653424,208.0,controller,Unknown,0.466667,0
1601387288,2020-09-29 13:48:08,738063.7,51.519137,5.857951,31.0,1.0,1.0,26.51790200000001,53.653424,84.0,aircraft,Unknown,0.366667,0
1601387290,2020-09-29 13:48:10,738063.7,51.519137,5.857951,31.0,2.0,0.0,19.003293,100.101049,199.0,controller,Unknown,0.333333,1
1601387293,2020-09-29 13:48:13,738063.7,51.519137,5.857951,31.0,3.0,1.0,15.25435,81.946519,307.0,aircraft,Unknown,0.3,2
1601387298,2020-09-29 13:48:18,738063.7,51.519137,5.857951,31.0,1.0,1001.0,24.660441,57.516876,104.0,aircraft,DJI-MAVIC-2-PRO,0.666667,0
1601387298,2020-09-29 13:48:18,,,,,,0.0,22.293326999999998,57.516876,136.0,controller,Unknown,0.242452,0
1601387298,2020-09-29 13:48:18,,,,,,0.0,18.409387,57.516876,213.0,controller,Unknown,0.26311999999999997,0
1601387299,2020-09-29 13:48:19,738063.7,51.519137,5.857951,31.0,2.0,1000.0,26.315144,100.62346099999999,86.0,controller,DJI-MAVIC-2-PRO,0.7,1
1601387302,2020-09-29 13:48:22,738063.7,51.519137,5.857951,31.0,3.0,,,,,,,,2
1601387306,2020-09-29 13:48:26,,,,,,20000.0,15.419101999999999,16.482185,301.0,controller,Wifi-Bluetooth,0.6,0
1601387306,2020-09-29 13:48:26,,,,,,1000.0,24.545995,16.482185,105.0,controller,DJI-MAVIC-2-PRO,0.48997299999999994,0
1601387306,2020-09-29 13:48:26,738063.7,51.519137,5.857951,31.0,1.0,1.0,25.347417,16.482185,96.0,aircraft,Unknown,0.366667,0
1601387310,2020-09-29 13:48:30,738063.7,51.519137,5.857951,31.0,2.0,1000.0,29.243523,101.306797,61.0,controller,DJI-MAVIC-2-PRO,0.590696,1
1601387310,2020-09-29 13:48:30,,,,,,1000.0,28.549737,101.306797,66.0,controller,DJI-MAVIC-2-PRO,0.5855779999999999,1
1601387310,2020-09-29 13:48:30,,,,,,1000.0,28.643822999999998,101.306797,65.0,controller,DJI-MAVIC-2-PRO,0.587318,1
1601387312,2020-09-29 13:48:32,738063.7,51.519137,5.857951,31.0,3.0,1000.0,25.906029999999998,13.514377,90.0,controller,DJI-MAVIC-2-PRO,0.554818,2
1601387312,2020-09-29 13:48:32,,,,,,1.0,15.734982999999998,13.514377,290.0,aircraft,Unknown,0.213876,2
1601387315,2020-09-29 13:48:35,738063.7,51.519137,5.857951,31.0,1.0,1001.0,23.394215,102.053945,120.0,aircraft,DJI-MAVIC-2-PRO,0.666667,0
1601387315,2020-09-29 13:48:35,,,,,,1000.0,25.767326,102.053945,91.0,controller,DJI-MAVIC-2-PRO,0.496386,0
1601387315,2020-09-29 13:48:35,,,,,,0.0,23.243515,102.053945,122.0,controller,Unknown,0.266667,0
1601387318,2020-09-29 13:48:38,,,,,,1000.0,24.767481,97.866661,102.0,controller,DJI-MAVIC-2-PRO,0.48997299999999994,1
1601387318,2020-09-29 13:48:38,738063.7,51.519137,5.857951,31.0,2.0,0.0,22.930158,97.866661,127.0,controller,Unknown,0.4433220000000001,1
1601387318,2020-09-29 13:48:38,,,,,,1000.0,26.646724,97.866661,82.0,controller,DJI-MAVIC-2-PRO,0.5855779999999999,1
1601387320,2020-09-29 13:48:40,738063.7,51.519137,5.857951,31.0,3.0,0.0,22.711604,98.837467,130.0,controller,Unknown,0.353146,2
1601387324,2020-09-29 13:48:44,738063.7,51.519137,5.857951,31.0,1.0,1000.0,15.758822,102.01371999999999,290.0,controller,DJI-MAVIC-2-PRO,0.544433,0
1601387324,2020-09-29 13:48:44,,,,,,0.0,17.81267,102.01371999999999,229.0,controller,Unknown,0.333333,0
1601387324,2020-09-29 13:48:44,,,,,,1000.0,17.140379,102.01371999999999,247.0,controller,DJI-MAVIC-2-PRO,0.4717270000000001,0
1601387327,2020-09-29 13:48:47,,,,,,0.0,22.28252,86.982407,136.0,controller,Unknown,0.333333,1
1601387327,2020-09-29 13:48:47,738063.7,51.519137,5.857951,31.0,2.0,1.0,15.240607,86.982407,307.0,aircraft,Unknown,0.266667,1
1601387327,2020-09-29 13:48:47,,,,,,0.0,16.209926,86.982407,275.0,controller,Unknown,0.266667,1
1601387330,2020-09-29 13:48:50,,,,,,1000.0,25.648485,99.572818,92.0,controller,DJI-MAVIC-2-PRO,0.552244,2
1601387330,2020-09-29 13:48:50,738063.7,51.519137,5.857951,31.0,3.0,1000.0,26.380754,99.572818,85.0,controller,DJI-MAVIC-2-PRO,0.5855779999999999,2
1601387334,2020-09-29 13:48:54,738063.7,51.519137,5.857951,31.0,1.0,1001.0,22.865529000000002,103.18323199999999,128.0,aircraft,DJI-MAVIC-2-PRO,0.666667,0
1601387334,2020-09-29 13:48:54,,,,,,1000.0,24.738893,103.18323199999999,103.0,controller,DJI-MAVIC-2-PRO,0.45664,0
1601387334,2020-09-29 13:48:54,,,,,,0.0,24.949679999999997,103.18323199999999,100.0,controller,Unknown,0.363435,0
1601387336,2020-09-29 13:48:56,738063.7,51.519137,5.857951,31.0,2.0,1.0,13.690017999999998,83.67979,368.0,aircraft,Unknown,0.4,1
1601387336,2020-09-29 13:48:56,,,,,,20000.0,14.809979,83.67979,323.0,controller,Wifi-Bluetooth,0.533333,1
1601387336,2020-09-29 13:48:56,,,,,,0.0,6.308243,83.67979,861.0,controller,Unknown,0.4,1
1601387338,2020-09-29 13:48:58,738063.7,51.519137,5.857951,31.0,3.0,,,,,,,,2
1601387342,2020-09-29 13:49:02,,,,,,0.0,11.476416,59.049808,475.0,controller,Unknown,0.48703,0
1601387342,2020-09-29 13:49:02,738063.7,51.519137,5.857951,31.0,1.0,15001.0,18.665226999999998,59.049808,207.0,aircraft,DJI-Phantom-4E,0.4,0
1601387342,2020-09-29 13:49:02,,,,,,0.0,21.057761,59.049808,157.0,controller,Unknown,0.315387,0
1601387345,2020-09-29 13:49:05,738063.7,51.519137,5.857951,31.0,2.0,1000.0,24.584181,98.32885300000001,105.0,controller,DJI-MAVIC-2-PRO,0.49335100000000004,1
1601387345,2020-09-29 13:49:05,,,,,,1000.0,23.691333,98.32885300000001,116.0,controller,DJI-MAVIC-2-PRO,0.51017,1
1601387345,2020-09-29 13:49:05,,,,,,1.0,15.401372,98.32885300000001,302.0,aircraft,Unknown,0.266667,1
1601387347,2020-09-29 13:49:07,738063.7,51.519137,5.857951,31.0,3.0,1.0,16.003938,82.022364,282.0,aircraft,Unknown,0.214775,2
1601387351,2020-09-29 13:49:11,,,,,,1000.0,24.029471,102.239898,111.0,controller,DJI-MAVIC-2-PRO,0.58344,0
1601387351,2020-09-29 13:49:11,738063.7,51.519137,5.857951,31.0,1.0,1001.0,20.9916,102.239898,158.0,aircraft,DJI-MAVIC-2-PRO,0.466667,0
1601387351,2020-09-29 13:49:11,,,,,,0.0,23.168835,102.239898,123.0,controller,Unknown,0.33092699999999997,0
1601387357,2020-09-29 13:49:17,,,,,,1000.0,29.628762,97.994506,58.0,controller,DJI-MAVIC-2-PRO,0.532659,2
1601387357,2020-09-29 13:49:17,738063.7,51.519137,5.857951,31.0,3.0,1001.0,23.208982000000002,97.994506,123.0,aircraft,DJI-MAVIC-2-PRO,0.537004,2
1601387360,2020-09-29 13:49:20,738063.7,51.519137,5.857951,31.0,1.0,1001.0,22.997423,103.305766,126.0,aircraft,DJI-MAVIC-2-PRO,0.45043599999999995,0
1601387360,2020-09-29 13:49:20,,,,,,0.0,25.048156,103.305766,99.0,controller,Unknown,0.366667,0
1601387360,2020-09-29 13:49:20,,,,,,1000.0,26.733612,103.305766,82.0,controller,DJI-MAVIC-2-PRO,0.587318,0
1601387364,2020-09-29 13:49:24,738063.7,51.519137,5.857951,31.0,2.0,1000.0,30.223307000000002,101.59583,54.0,controller,DJI-MAVIC-2-PRO,0.5537880000000001,1
1601387364,2020-09-29 13:49:24,,,,,,1000.0,29.600107,101.59583,58.0,controller,DJI-MAVIC-2-PRO,0.587318,1
1601387364,2020-09-29 13:49:24,,,,,,0.0,25.728486,101.59583,92.0,controller,Unknown,0.323862,1
1601387365,2020-09-29 13:49:25,738063.7,51.519137,5.857951,31.0,3.0,1.0,16.32903,81.998216,271.0,aircraft,Unknown,0.214775,2
1601387369,2020-09-29 13:49:29,,,,,,1000.0,26.812778,102.806657,81.0,controller,DJI-MAVIC-2-PRO,0.57199,0
1601387369,2020-09-29 13:49:29,,,,,,0.0,25.386013000000002,102.806657,95.0,controller,Unknown,0.440117,0
1601387369,2020-09-29 13:49:29,738063.7,51.519137,5.857951,31.0,1.0,1001.0,19.145211,102.806657,196.0,aircraft,DJI-MAVIC-2-PRO,0.60193,0
1601387372,2020-09-29 13:49:32,738063.7,51.519137,5.857951,31.0,2.0,1000.0,30.228021999999996,99.664755,54.0,controller,DJI-MAVIC-2-PRO,0.733333,1
1601387372,2020-09-29 13:49:32,,,,,,1000.0,28.941675,99.664755,63.0,controller,DJI-MAVIC-2-PRO,0.523306,1
1601387374,2020-09-29 13:49:34,738063.7,51.519137,5.857951,31.0,3.0,0.0,21.909632000000002,96.283039,142.0,controller,Unknown,0.3,2
1601387378,2020-09-29 13:49:38,738063.7,51.519137,5.857951,31.0,1.0,1.0,25.281791000000002,18.208327,96.0,aircraft,Unknown,0.366667,0
1601387378,2020-09-29 13:49:38,,,,,,1000.0,26.540389,18.208327,83.0,controller,DJI-MAVIC-2-PRO,0.47589499999999996,0
1601387378,2020-09-29 13:49:38,,,,,,1000.0,25.347413,18.208327,96.0,controller,DJI-MAVIC-2-PRO,0.490569,0
1601387381,2020-09-29 13:49:41,,,,,,1000.0,25.270127,98.789688,97.0,controller,DJI-MAVIC-2-PRO,0.489684,1
1601387381,2020-09-29 13:49:41,738063.7,51.519137,5.857951,31.0,2.0,1000.0,25.653292999999998,98.789688,92.0,controller,DJI-MAVIC-2-PRO,0.5539850000000001,1
1601387381,2020-09-29 13:49:41,,,,,,1000.0,24.322035,98.789688,108.0,controller,DJI-MAVIC-2-PRO,0.565179,1
1601387384,2020-09-29 13:49:44,,,,,,1000.0,25.333914,18.726084,96.0,controller,DJI-MAVIC-2-PRO,0.587318,2
1601387384,2020-09-29 13:49:44,738063.7,51.519137,5.857951,31.0,3.0,1000.0,25.274945000000002,18.726084,97.0,controller,DJI-MAVIC-2-PRO,0.531674,2
1601387387,2020-09-29 13:49:47,738063.7,51.519137,5.857951,31.0,1.0,15001.0,25.153281,13.520775,98.0,aircraft,DJI-Phantom-4E,0.566667,0
1601387387,2020-09-29 13:49:47,,,,,,1000.0,26.678886,13.520775,82.0,controller,DJI-MAVIC-2-PRO,0.5539850000000001,0
1601387387,2020-09-29 13:49:47,,,,,,1000.0,26.374076000000002,13.520775,85.0,controller,DJI-MAVIC-2-PRO,0.573389,0
1601387391,2020-09-29 13:49:51,738063.7,51.519137,5.857951,31.0,2.0,1000.0,29.646354,101.297931,58.0,controller,DJI-MAVIC-2-PRO,0.587318,1
1601387391,2020-09-29 13:49:51,,,,,,1000.0,29.450913,101.297931,59.0,controller,DJI-MAVIC-2-PRO,0.590696,1
1601387391,2020-09-29 13:49:51,,,,,,1000.0,28.771162,101.297931,64.0,controller,DJI-MAVIC-2-PRO,0.5537880000000001,1
1601387393,2020-09-29 13:49:53,,,,,,1000.0,27.463393,98.93149,75.0,controller,DJI-MAVIC-2-PRO,0.5400560000000001,2
1601387393,2020-09-29 13:49:53,,,,,,0.0,26.735809000000003,98.93149,81.0,controller,Unknown,0.378575,2
1601387393,2020-09-29 13:49:53,738063.7,51.519137,5.857951,31.0,3.0,1000.0,27.830977,98.93149,72.0,controller,DJI-MAVIC-2-PRO,0.631879,2
1601387397,2020-09-29 13:49:57,738063.7,51.519137,5.857951,31.0,1.0,1001.0,28.717437,56.097542000000004,65.0,aircraft,DJI-MAVIC-2-PRO,0.3,0
1601387397,2020-09-29 13:49:57,,,,,,1000.0,24.144437,56.097542000000004,110.0,controller,DJI-MAVIC-2-PRO,0.587318,0
1601387397,2020-09-29 13:49:57,,,,,,0.0,23.941054,56.097542000000004,113.0,controller,Unknown,0.386886,0
1601387399,2020-09-29 13:49:59,738063.7,51.519137,5.857951,31.0,2.0,0.0,15.961936999999999,83.446095,283.0,controller,Unknown,0.191307,1
1601387399,2020-09-29 13:49:59,,,,,,0.0,9.743478,83.446095,579.0,controller,Unknown,0.21710700000000002,1
1601387399,2020-09-29 13:49:59,,,,,,0.0,10.391871,83.446095,538.0,controller,Unknown,0.21091700000000002,1
1601387402,2020-09-29 13:50:02,738063.7,51.519137,5.857951,31.0,3.0,1000.0,29.56527100000001,18.687039000000002,59.0,controller,DJI-MAVIC-2-PRO,0.552244,2
1601387402,2020-09-29 13:50:02,,,,,,0.0,29.135359,18.687039000000002,62.0,controller,Unknown,0.438062,2
1601387405,2020-09-29 13:50:05,,,,,,0.0,22.646345,103.45366999999999,131.0,controller,Unknown,0.34997399999999995,0
1601387405,2020-09-29 13:50:05,738063.7,51.519137,5.857951,31.0,1.0,1001.0,22.920613,103.45366999999999,127.0,aircraft,DJI-MAVIC-2-PRO,0.5,0
1601387405,2020-09-29 13:50:05,,,,,,1000.0,22.37384500000001,103.45366999999999,135.0,controller,DJI-MAVIC-2-PRO,0.43333299999999997,0
1601387408,2020-09-29 13:50:08,738063.7,51.519137,5.857951,31.0,2.0,1001.0,22.249141,98.667962,137.0,aircraft,DJI-MAVIC-2-PRO,0.733333,1
1601387408,2020-09-29 13:50:08,,,,,,0.0,14.061010999999999,98.667962,352.0,controller,Unknown,0.266667,1
1601387408,2020-09-29 13:50:08,,,,,,0.0,8.932757,98.667962,636.0,controller,Unknown,0.0,1
1601387411,2020-09-29 13:50:11,738063.7,51.519137,5.857951,31.0,3.0,1001.0,25.148114,18.290241,98.0,aircraft,DJI-MAVIC-2-PRO,0.5,2
1601387411,2020-09-29 13:50:11,,,,,,0.0,16.134214,18.290241,277.0,controller,Unknown,0.333333,2
1601387411,2020-09-29 13:50:11,,,,,,0.0,6.996425,18.290241,795.0,controller,Unknown,0.366667,2
1601387414,2020-09-29 13:50:14,738063.7,51.519137,5.857951,31.0,1.0,1001.0,27.875297999999997,104.232635,71.0,aircraft,DJI-MAVIC-2-PRO,0.5,0
1601387417,2020-09-29 13:50:17,738063.7,51.519137,5.857951,31.0,2.0,1000.0,26.635216999999997,20.016178,82.0,controller,DJI-MAVIC-2-PRO,0.45851899999999995,1
1601387417,2020-09-29 13:50:17,,,,,,1000.0,27.575642,20.016178,74.0,controller,DJI-MAVIC-2-PRO,0.552279,1
1601387417,2020-09-29 13:50:17,,,,,,1000.0,29.158883000000003,20.016178,62.0,controller,DJI-MAVIC-2-PRO,0.5494899999999999,1
1601387419,2020-09-29 13:50:19,738063.7,51.519137,5.857951,31.0,3.0,,,,,,,,2
1601387423,2020-09-29 13:50:23,,,,,,1000.0,26.906641999999998,106.041353,80.0,controller,DJI-MAVIC-2-PRO,0.766667,0
1601387423,2020-09-29 13:50:23,738063.7,51.519137,5.857951,31.0,1.0,1001.0,23.207427,106.041353,123.0,aircraft,DJI-MAVIC-2-PRO,0.533333,0
1601387423,2020-09-29 13:50:23,,,,,,0.0,12.827172000000001,106.041353,406.0,controller,Unknown,0.3,0
1601387426,2020-09-29 13:50:26,,,,,,0.0,10.009799000000001,83.247266,562.0,controller,Unknown,0.126995,1
1601387426,2020-09-29 13:50:26,738063.7,51.519137,5.857951,31.0,2.0,1.0,15.303075,83.247266,305.0,aircraft,Unknown,0.22716999999999998,1
1601387428,2020-09-29 13:50:28,738063.7,51.519137,5.857951,31.0,3.0,1.0,15.780910999999998,82.13987,289.0,aircraft,Unknown,0.214775,2
1601387432,2020-09-29 13:50:32,,,,,,0.0,24.828298,107.00829399999999,102.0,controller,Unknown,0.400814,0
1601387432,2020-09-29 13:50:32,738063.7,51.519137,5.857951,31.0,1.0,1001.0,23.088926,107.00829399999999,124.0,aircraft,DJI-MAVIC-2-PRO,0.5,0
1601387432,2020-09-29 13:50:32,,,,,,1000.0,26.502113,107.00829399999999,84.0,controller,DJI-MAVIC-2-PRO,0.587318,0
1601387435,2020-09-29 13:50:35,,,,,,0.0,29.337415999999997,98.10484699999999,60.0,controller,Unknown,0.43333299999999997,1
1601387435,2020-09-29 13:50:35,738063.7,51.519137,5.857951,31.0,2.0,1001.0,23.338504999999998,98.10484699999999,121.0,aircraft,DJI-MAVIC-2-PRO,0.833333,1
1601387438,2020-09-29 13:50:38,738063.7,51.519137,5.857951,31.0,3.0,1.0,20.271024,95.381826,172.0,aircraft,Unknown,0.3,2
1601387438,2020-09-29 13:50:38,,,,,,1000.0,28.327218,95.381826,68.0,controller,DJI-MAVIC-2-PRO,0.833333,2
1601387438,2020-09-29 13:50:38,,,,,,1000.0,24.825858,95.381826,102.0,controller,DJI-MAVIC-2-PRO,0.5905,2
1601387442,2020-09-29 13:50:42,738063.7,51.519137,5.857951,31.0,1.0,1001.0,17.957393,106.37528,225.0,aircraft,DJI-MAVIC-2-PRO,0.45043599999999995,0
1601387442,2020-09-29 13:50:42,,,,,,0.0,23.171665,106.37528,123.0,controller,Unknown,0.4310560000000001,0
1601387442,2020-09-29 13:50:42,,,,,,0.0,20.034758,106.37528,177.0,controller,Unknown,0.162632,0
1601387444,2020-09-29 13:50:44,,,,,,1000.0,24.219896,100.706223,109.0,controller,DJI-MAVIC-2-PRO,0.535321,1
1601387444,2020-09-29 13:50:44,,,,,,1000.0,24.212918,100.706223,109.0,controller,DJI-MAVIC-2-PRO,0.498341,1
1601387444,2020-09-29 13:50:44,738063.7,51.519137,5.857951,31.0,2.0,1000.0,25.417331,100.706223,95.0,controller,DJI-MAVIC-2-PRO,0.8,1
1601387446,2020-09-29 13:50:46,738063.7,51.519137,5.857951,31.0,3.0,0.0,15.583611999999999,82.039059,296.0,controller,Unknown,0.266667,2
1601387450,2020-09-29 13:50:50,738063.7,51.519137,5.857951,31.0,1.0,1001.0,21.303668,103.72349799999999,153.0,aircraft,DJI-MAVIC-2-PRO,0.549992,0
1601387450,2020-09-29 13:50:50,,,,,,1000.0,27.368176000000002,103.72349799999999,76.0,controller,DJI-MAVIC-2-PRO,0.587318,0
1601387450,2020-09-29 13:50:50,,,,,,1000.0,26.81675,103.72349799999999,81.0,controller,DJI-MAVIC-2-PRO,0.5539850000000001,0
1601387453,2020-09-29 13:50:53,,,,,,0.0,9.482545,103.062164,597.0,controller,Unknown,0.217027,1
1601387453,2020-09-29 13:50:53,738063.7,51.519137,5.857951,31.0,2.0,1000.0,20.585029000000002,103.062164,166.0,controller,DJI-MAVIC-2-PRO,0.48997299999999994,1
1601387453,2020-09-29 13:50:53,,,,,,0.0,19.745658,103.062164,183.0,controller,Unknown,0.38043699999999997,1
1601387456,2020-09-29 13:50:56,,,,,,1000.0,28.441221000000002,97.535593,67.0,controller,DJI-MAVIC-2-PRO,0.580507,2
1601387456,2020-09-29 13:50:56,,,,,,1000.0,27.115219,97.535593,78.0,controller,DJI-MAVIC-2-PRO,0.5855779999999999,2
1601387456,2020-09-29 13:50:56,738063.7,51.519137,5.857951,31.0,3.0,1.0,25.04986,97.535593,99.0,aircraft,Unknown,0.23333299999999998,2
1601387460,2020-09-29 13:51:00,738063.7,51.519137,5.857951,31.0,1.0,15001.0,15.452293,23.766415,300.0,aircraft,DJI-Phantom-4E,0.4,0
1601387460,2020-09-29 13:51:00,,,,,,0.0,22.237997,23.766415,137.0,controller,Unknown,0.2,0
1601387460,2020-09-29 13:51:00,,,,,,20000.0,16.821173,23.766415,256.0,controller,Wifi-Bluetooth,0.5,0
1601387462,2020-09-29 13:51:02,738063.7,51.519137,5.857951,31.0,2.0,1001.0,24.041534,92.64024,111.0,aircraft,DJI-MAVIC-2-PRO,0.5,1
1601387464,2020-09-29 13:51:04,738063.7,51.519137,5.857951,31.0,3.0,0.0,14.150972,100.375271,349.0,controller,Unknown,0.4,2
1601387468,2020-09-29 13:51:08,738063.7,51.519137,5.857951,31.0,1.0,1001.0,23.0723,103.371426,124.0,aircraft,DJI-MAVIC-2-PRO,0.43333299999999997,0
1601387468,2020-09-29 13:51:08,,,,,,0.0,26.57681,103.371426,83.0,controller,Unknown,0.43010200000000004,0
1601387468,2020-09-29 13:51:08,,,,,,1000.0,25.752657,103.371426,91.0,controller,DJI-MAVIC-2-PRO,0.5537880000000001,0
1601387472,2020-09-29 13:51:12,738063.7,51.519137,5.857951,31.0,2.0,1000.0,27.186256,100.38543299999999,77.0,controller,DJI-MAVIC-2-PRO,0.590696,1
1601387472,2020-09-29 13:51:12,,,,,,1000.0,25.857429999999997,100.38543299999999,90.0,controller,DJI-MAVIC-2-PRO,0.573389,1
1601387472,2020-09-29 13:51:12,,,,,,0.0,25.640773,100.38543299999999,93.0,controller,Unknown,0.422836,1
1601387474,2020-09-29 13:51:14,738063.7,51.519137,5.857951,31.0,3.0,1000.0,28.262916999999998,97.492982,68.0,controller,DJI-MAVIC-2-PRO,0.6167739999999999,2
1601387474,2020-09-29 13:51:14,,,,,,1000.0,28.187513,97.492982,69.0,controller,DJI-MAVIC-2-PRO,0.554818,2
1601387474,2020-09-29 13:51:14,,,,,,0.0,13.627848,97.492982,370.0,controller,Unknown,0.466667,2
1601387478,2020-09-29 13:51:18,,,,,,0.0,13.372041000000001,63.714804,381.0,controller,Unknown,0.208721,0
1601387478,2020-09-29 13:51:18,,,,,,0.0,7.628166999999999,63.714804,739.0,controller,Unknown,0.4,0
1601387478,2020-09-29 13:51:18,738063.7,51.519137,5.857951,31.0,1.0,15001.0,19.983482000000002,63.714804,178.0,aircraft,DJI-Phantom-4E,0.43333299999999997,0
1601387480,2020-09-29 13:51:20,,,,,,1000.0,27.257240000000003,101.903515,77.0,controller,DJI-MAVIC-2-PRO,0.8,1
1601387480,2020-09-29 13:51:20,,,,,,0.0,15.021938,101.903515,315.0,controller,Unknown,0.0,1
1601387480,2020-09-29 13:51:20,738063.7,51.519137,5.857951,31.0,2.0,1000.0,25.389507000000002,101.903515,95.0,controller,DJI-MAVIC-2-PRO,0.8,1
1601387483,2020-09-29 13:51:23,738063.7,51.519137,5.857951,31.0,3.0,1000.0,27.901321999999997,99.146289,71.0,controller,DJI-MAVIC-2-PRO,0.588152,2
1601387483,2020-09-29 13:51:23,,,,,,1001.0,19.534707,99.146289,187.0,aircraft,DJI-MAVIC-2-PRO,0.5232720000000001,2
1601387486,2020-09-29 13:51:26,738063.7,51.519137,5.857951,31.0,1.0,1001.0,21.620483,64.219662,147.0,aircraft,DJI-MAVIC-2-PRO,0.566667,0
1601387486,2020-09-29 13:51:26,,,,,,1000.0,25.697460999999997,64.219662,92.0,controller,DJI-MAVIC-2-PRO,0.47604399999999997,0
1601387486,2020-09-29 13:51:26,,,,,,0.0,15.741066,64.219662,290.0,controller,Unknown,0.266667,0
1601387490,2020-09-29 13:51:30,,,,,,1000.0,25.812091,99.313673,91.0,controller,DJI-MAVIC-2-PRO,0.573389,1
1601387490,2020-09-29 13:51:30,,,,,,0.0,9.910925,99.313673,568.0,controller,Unknown,0.15746,1
1601387490,2020-09-29 13:51:30,738063.7,51.519137,5.857951,31.0,2.0,1.0,19.321363,99.313673,192.0,aircraft,Unknown,0.333333,1
1601387492,2020-09-29 13:51:32,738063.7,51.519137,5.857951,31.0,3.0,0.0,9.510542,9.980895,595.0,controller,Unknown,0.19739500000000001,2
1601387492,2020-09-29 13:51:32,,,,,,20000.0,8.84262,9.980895,643.0,controller,Wifi-Bluetooth,0.533333,2
1601387496,2020-09-29 13:51:36,738063.7,51.519137,5.857951,31.0,1.0,1.0,24.527907,17.367304999999998,105.0,aircraft,Unknown,0.266667,0
1601387496,2020-09-29 13:51:36,,,,,,1000.0,27.06798400000001,17.367304999999998,78.0,controller,DJI-MAVIC-2-PRO,0.633333,0
1601387496,2020-09-29 13:51:36,,,,,,0.0,11.884383,17.367304999999998,453.0,controller,Unknown,0.13158,0
1601387498,2020-09-29 13:51:38,,,,,,0.0,10.087117999999998,83.409821,557.0,controller,Unknown,0.15746,1
1601387498,2020-09-29 13:51:38,738063.7,51.519137,5.857951,31.0,2.0,0.0,15.98099,83.409821,282.0,controller,Unknown,0.21174,1
1601387498,2020-09-29 13:51:38,,,,,,0.0,9.538008999999999,83.409821,593.0,controller,Unknown,0.23347600000000002,1
1601387501,2020-09-29 13:51:41,,,,,,0.0,12.440221000000001,18.449236,425.0,controller,Unknown,0.178572,2
1601387501,2020-09-29 13:51:41,738063.7,51.519137,5.857951,31.0,3.0,1000.0,27.928385,18.449236,71.0,controller,DJI-MAVIC-2-PRO,0.602845,2
1601387501,2020-09-29 13:51:41,,,,,,1000.0,27.258789,18.449236,77.0,controller,DJI-MAVIC-2-PRO,0.460006,2
1601387504,2020-09-29 13:51:44,738063.7,51.519137,5.857951,31.0,1.0,15001.0,23.595162,63.899609999999996,117.0,aircraft,DJI-Phantom-4E,0.533333,0
1601387504,2020-09-29 13:51:44,,,,,,1000.0,23.095024,63.899609999999996,124.0,controller,DJI-MAVIC-2-PRO,0.47604399999999997,0
1601387508,2020-09-29 13:51:48,738063.7,51.519137,5.857951,31.0,2.0,1.0,27.150812,16.586160999999993,78.0,aircraft,Unknown,0.366667,1
1601387508,2020-09-29 13:51:48,,,,,,1000.0,30.644492,16.586160999999993,52.0,controller,DJI-MAVIC-2-PRO,0.554818,1
1601387508,2020-09-29 13:51:48,,,,,,0.0,9.851553,16.586160999999993,572.0,controller,Unknown,0.133153,1
1601387510,2020-09-29 13:51:50,,,,,,0.0,10.951146000000001,83.72608699999998,504.0,controller,Unknown,0.22433000000000008,2
1601387510,2020-09-29 13:51:50,738063.7,51.519137,5.857951,31.0,3.0,1000.0,23.297507,83.72608699999998,121.0,controller,DJI-MAVIC-2-PRO,0.833333,2
1601387510,2020-09-29 13:51:50,,,,,,0.0,17.422134,83.72608699999998,239.0,controller,Unknown,0.18196700000000002,2
1601387513,2020-09-29 13:51:53,738063.7,51.519137,5.857951,31.0,1.0,12001.0,26.334801000000002,57.779251,85.0,aircraft,DJI-MAVIC-PRO-PLATINUM,0.266667,0
1601387513,2020-09-29 13:51:53,,,,,,0.0,21.435195,57.779251,150.0,controller,Unknown,0.2,0
1601387513,2020-09-29 13:51:53,,,,,,0.0,19.099725,57.779251,197.0,controller,Unknown,0.42385,0
1601387516,2020-09-29 13:51:56,738063.7,51.519137,5.857951,31.0,2.0,1000.0,27.437428999999998,99.592221,75.0,controller,DJI-MAVIC-2-PRO,0.7,1
1601387516,2020-09-29 13:51:56,,,,,,1000.0,27.561242,99.592221,74.0,controller,DJI-MAVIC-2-PRO,0.5,1
1601387516,2020-09-29 13:51:56,,,,,,1000.0,28.137134999999997,99.592221,69.0,controller,DJI-MAVIC-2-PRO,0.587318,1
1601387518,2020-09-29 13:51:58,738063.7,51.519137,5.857951,31.0,3.0,0.0,15.711271,82.31973,291.0,controller,Unknown,0.182738,2
1601387522,2020-09-29 13:52:02,,,,,,0.0,19.31727,50.816203,192.0,controller,Unknown,0.466667,0
1601387522,2020-09-29 13:52:02,,,,,,0.0,10.235928999999999,50.816203,547.0,controller,Unknown,0.21189499999999997,0
1601387522,2020-09-29 13:52:02,738063.7,51.519137,5.857951,31.0,1.0,15001.0,29.869668,50.816203,57.0,aircraft,DJI-Phantom-4E,0.43333299999999997,0
1601387525,2020-09-29 13:52:05,,,,,,0.0,21.93292000000001,95.941019,142.0,controller,Unknown,0.39772199999999996,1
1601387525,2020-09-29 13:52:05,,,,,,0.0,18.236624,95.941019,218.0,controller,Unknown,0.448921,1
1601387525,2020-09-29 13:52:05,738063.7,51.519137,5.857951,31.0,2.0,0.0,22.172925,95.941019,138.0,controller,Unknown,0.377349,1
1601387528,2020-09-29 13:52:08,738063.7,51.519137,5.857951,31.0,3.0,1.0,16.386539000000006,82.47200500000002,269.0,aircraft,Unknown,0.18144200000000002,2
1601387528,2020-09-29 13:52:08,,,,,,20000.0,16.317943,82.47200500000002,272.0,controller,Wifi-Bluetooth,0.5,2
1601387528,2020-09-29 13:52:08,,,,,,0.0,10.877841,82.47200500000002,508.0,controller,Unknown,0.166667,2
1601387531,2020-09-29 13:52:11,738063.7,51.519137,5.857951,31.0,1.0,12001.0,28.631078000000002,51.388374,65.0,aircraft,DJI-MAVIC-PRO-PLATINUM,0.4,0
1601387531,2020-09-29 13:52:11,,,,,,0.0,17.736468,51.388374,231.0,controller,Unknown,0.283561,0
1601387534,2020-09-29 13:52:14,738063.7,51.519137,5.857951,31.0,2.0,1.0,19.884609,7.1755119999999994,180.0,aircraft,Unknown,0.466667,1
1601387534,2020-09-29 13:52:14,,,,,,0.0,21.985851999999998,7.1755119999999994,141.0,controller,Unknown,0.333333,1
1601387534,2020-09-29 13:52:14,,,,,,0.0,8.832875999999997,7.1755119999999994,643.0,controller,Unknown,0.1926,1
1601387536,2020-09-29 13:52:16,738063.7,51.519137,5.857951,31.0,3.0,0.0,17.903697,84.140501,226.0,controller,Unknown,0.4,2
1601387540,2020-09-29 13:52:20,738063.7,51.519137,5.857951,31.0,1.0,12001.0,22.908523000000002,50.132458,127.0,aircraft,DJI-MAVIC-PRO-PLATINUM,0.333333,0
1601387540,2020-09-29 13:52:20,,,,,,0.0,13.534398999999999,50.132458,374.0,controller,Unknown,0.466667,0
1601387540,2020-09-29 13:52:20,,,,,,1000.0,11.842403,50.132458,455.0,controller,DJI-MAVIC-2-PRO,0.550466,0
1601387545,2020-09-29 13:52:25,738063.7,51.519137,5.857951,31.0,3.0,0.0,6.6053630000000005,12.739325,832.0,controller,Unknown,0.216273,2
1601387550,2020-09-29 13:52:30,738063.7,51.519137,5.857951,31.0,1.0,12001.0,29.165559000000002,32.346089,61.0,aircraft,DJI-MAVIC-PRO-PLATINUM,0.466667,0
1601387550,2020-09-29 13:52:30,,,,,,0.0,23.451468,32.346089,119.0,controller,Unknown,0.266667,0
1601387550,2020-09-29 13:52:30,,,,,,0.0,21.116683,32.346089,156.0,controller,Unknown,0.32385,0
1601387552,2020-09-29 13:52:32,738063.7,51.519137,5.857951,31.0,2.0,1000.0,20.168618,8.181407,174.0,controller,DJI-MAVIC-2-PRO,0.5007520000000001,1
1601387552,2020-09-29 13:52:32,,,,,,0.0,16.864535999999998,8.181407,255.0,controller,Unknown,0.266667,1
1601387555,2020-09-29 13:52:35,,,,,,0.0,9.94393,11.567401,566.0,controller,Unknown,0.35975799999999997,2
1601387555,2020-09-29 13:52:35,738063.7,51.519137,5.857951,31.0,3.0,0.0,12.552506,11.567401,419.0,controller,Unknown,0.22609,2
1601387555,2020-09-29 13:52:35,,,,,,0.0,11.908347000000001,11.567401,451.0,controller,Unknown,0.317223,2
1601387558,2020-09-29 13:52:38,738063.7,51.519137,5.857951,31.0,1.0,1.0,25.573631,32.623825,93.0,aircraft,Unknown,0.266667,0
1601387558,2020-09-29 13:52:38,,,,,,0.0,19.611748000000002,32.623825,186.0,controller,Unknown,0.177489,0
1601387558,2020-09-29 13:52:38,,,,,,0.0,14.336614,32.623825,341.0,controller,Unknown,0.440939,0
1601387561,2020-09-29 13:52:41,738063.7,51.519137,5.857951,31.0,2.0,0.0,10.718924000000001,87.116928,518.0,controller,Unknown,0.0,1
1601387561,2020-09-29 13:52:41,,,,,,1000.0,15.731754,87.116928,291.0,controller,DJI-MAVIC-2-PRO,0.587318,1
1601387561,2020-09-29 13:52:41,,,,,,0.0,14.115673000000001,87.116928,350.0,controller,Unknown,0.329673,1
1601387563,2020-09-29 13:52:43,738063.7,51.519137,5.857951,31.0,3.0,,,,,,,,2
1601387567,2020-09-29 13:52:47,,,,,,0.0,19.917084,28.731764000000002,179.0,controller,Unknown,0.43333299999999997,0
1601387567,2020-09-29 13:52:47,738063.7,51.519137,5.857951,31.0,1.0,1.0,33.988939,28.731764000000002,35.0,aircraft,Unknown,0.3,0
1601387567,2020-09-29 13:52:47,,,,,,0.0,15.155554,28.731764000000002,310.0,controller,Unknown,0.35802,0
1601387570,2020-09-29 13:52:50,738063.7,51.519137,5.857951,31.0,2.0,0.0,15.900592999999999,84.04294499999997,285.0,controller,Unknown,0.21112199999999998,1
1601387570,2020-09-29 13:52:50,,,,,,0.0,13.534216,84.04294499999997,374.0,controller,Unknown,0.466667,1
1601387570,2020-09-29 13:52:50,,,,,,0.0,13.311126000000002,84.04294499999997,384.0,controller,Unknown,0.385446,1
1601387572,2020-09-29 13:52:52,738063.7,51.519137,5.857951,31.0,3.0,,,,,,,,2
1601387576,2020-09-29 13:52:56,,,,,,1000.0,10.917303,21.151671,506.0,controller,DJI-MAVIC-2-PRO,0.504787,0
1601387576,2020-09-29 13:52:56,738063.7,51.519137,5.857951,31.0,1.0,16001.0,35.5553,21.151671,29.0,aircraft,DJI-Phantom-4F,0.333333,0
1601387576,2020-09-29 13:52:56,,,,,,0.0,11.517457,21.151671,472.0,controller,Unknown,0.374318,0
1601387579,2020-09-29 13:52:59,,,,,,0.0,8.77115,84.91761899999999,648.0,controller,Unknown,0.210148,1
1601387579,2020-09-29 13:52:59,738063.7,51.519137,5.857951,31.0,2.0,0.0,16.134021,84.91761899999999,277.0,controller,Unknown,0.2,1
1601387579,2020-09-29 13:52:59,,,,,,0.0,12.395758,84.91761899999999,427.0,controller,Unknown,0.466667,1
1601387582,2020-09-29 13:53:02,738063.7,51.519137,5.857951,31.0,3.0,0.0,19.884778,93.85325999999999,180.0,controller,Unknown,0.366667,2
1601387582,2020-09-29 13:53:02,,,,,,0.0,9.889255,93.85325999999999,570.0,controller,Unknown,0.23333299999999998,2
1601387585,2020-09-29 13:53:05,738063.7,51.519137,5.857951,31.0,1.0,12001.0,35.088221999999995,23.313669,31.0,aircraft,DJI-MAVIC-PRO-PLATINUM,0.466667,0
1601387585,2020-09-29 13:53:05,,,,,,1000.0,21.301066,23.313669,153.0,controller,DJI-MAVIC-2-PRO,0.5341100000000001,0
1601387588,2020-09-29 13:53:08,738063.7,51.519137,5.857951,31.0,2.0,1000.0,22.083895000000002,95.991399,140.0,controller,DJI-MAVIC-2-PRO,0.533333,1
1601387588,2020-09-29 13:53:08,,,,,,1000.0,24.209979999999998,95.991399,109.0,controller,DJI-MAVIC-2-PRO,0.475545,1
1601387588,2020-09-29 13:53:08,,,,,,1000.0,23.97764,95.991399,112.0,controller,DJI-MAVIC-2-PRO,0.488233,1
1601387591,2020-09-29 13:53:11,738063.7,51.519137,5.857951,31.0,3.0,1.0,16.07319,82.663007,279.0,aircraft,Unknown,0.21953699999999998,2
1601387594,2020-09-29 13:53:14,738063.7,51.519137,5.857951,31.0,1.0,1.0,26.359371000000003,104.402331,85.0,aircraft,Unknown,0.333333,0
1601387594,2020-09-29 13:53:14,,,,,,0.0,11.536762,104.402331,471.0,controller,Unknown,0.4,0
