total in seconds,datetime(utc),channels,VenusTriggerVenusName_isThreat,VenusTriggerLinkType_Uplink,VenusTrigger_VenusName,VenusTrigger_RadioId,VenusTrigge_LifeStatus,VenusTrigger_Frequency,VenusTrigge_FrequencyBand,VenusTrigger_OnAirStartTime,VenusTrigger_StopTime,VenusTrigger_Azimuth,VenusTrigger_Deviation
1601385496,2020-09-29 13:18:16,,1.0,,DJI OcuSync,281474977710667,active,2406500000.0,ISM 2.4 GHz,1601395746483730.0,1601396000347811.0,54.0,1.0
1601385501,2020-09-29 13:18:21,,1.0,,DJI OcuSync,281474977710667,active,2406500000.0,ISM 2.4 GHz,1601395746483730.0,1601396005183817.0,54.0,1.0
1601385502,2020-09-29 13:18:22,,1.0,FHSS,DJI Mavic Pro short,303,active,2440000000.0,ISM 2.4 GHz,1601395765031032.0,1601396000181516.0,,
1601385502,2020-09-29 13:18:22,,1.0,FHSS,DJI Mavic Pro long,302,active,2440000000.0,ISM 2.4 GHz,1601395765097032.0,1601396000187588.0,,
1601385503,2020-09-29 13:18:23,,0.0,FHSS,,263,active,2440000000.0,ISM 2.4 GHz,1601394157754504.0,1601396005158333.0,,
1601385503,2020-09-29 13:18:23,,0.0,FHSS,,281,active,2440000000.0,ISM 2.4 GHz,1601394214783322.0,1601396001274865.0,,
1601385503,2020-09-29 13:18:23,,0.0,FHSS,Cheerson Leopard 2,258,active,2440000000.0,ISM 2.4 GHz,1601390540422472.0,1601396000958732.0,149.2,1.3
1601385503,2020-09-29 13:18:23,,0.0,FHSS,Cheerson Leopard 2,258,active,2440000000.0,ISM 2.4 GHz,1601390540422472.0,1601396005153144.0,,
1601385503,2020-09-29 13:18:23,,1.0,FHSS,DJI Mavic Pro long,302,active,2440000000.0,ISM 2.4 GHz,1601395765097032.0,1601396005137589.0,54.1,0.0
1601385506,2020-09-29 13:18:26,,1.0,,DJI OcuSync,281474977710667,active,2406500000.0,ISM 2.4 GHz,1601395746483730.0,1601396010081918.0,54.0,1.0
1601385508,2020-09-29 13:18:28,,1.0,FHSS,DJI Mavic Pro long,302,active,2440000000.0,ISM 2.4 GHz,1601395765097032.0,1601396009897590.0,,
1601385508,2020-09-29 13:18:28,,1.0,FHSS,DJI Mavic Pro short,303,active,2440000000.0,ISM 2.4 GHz,1601395765031032.0,1601396010001518.0,54.0,0.3
1601385508,2020-09-29 13:18:28,,1.0,FHSS,DJI Mavic Mini,270,active,2440000000.0,ISM 2.4 GHz,1601370481734079.0,1601396010062976.0,331.5,0.0
1601385508,2020-09-29 13:18:28,,1.0,FHSS,Hubsan,297,active,2440000000.0,ISM 2.4 GHz,1601395367313144.0,1601396010060870.0,55.1,1.1
1601385508,2020-09-29 13:18:28,,0.0,FHSS,,299,active,2440000000.0,ISM 2.4 GHz,1601395362452139.0,1601396010070870.0,55.2,1.1
1601385508,2020-09-29 13:18:28,,0.0,FHSS,,298,active,2440000000.0,ISM 2.4 GHz,1601395362446135.0,1601396010076871.0,55.2,1.0
1601385508,2020-09-29 13:18:28,,0.0,FHSS,Cheerson Leopard 2,258,active,2440000000.0,ISM 2.4 GHz,1601390540422472.0,1601396009916316.0,331.5,0.0
1601385511,2020-09-29 13:18:31,,1.0,,DJI OcuSync,281474977710667,active,2406500000.0,ISM 2.4 GHz,1601395746483730.0,1601396014720329.0,54.0,1.0
1601385513,2020-09-29 13:18:33,,0.0,FHSS,,263,active,2440000000.0,ISM 2.4 GHz,1601394157754504.0,1601396014686347.0,329.0,0.0
1601385513,2020-09-29 13:18:33,,0.0,FHSS,,298,active,2440000000.0,ISM 2.4 GHz,1601395362446135.0,1601396014716872.0,53.3,1.5
1601385513,2020-09-29 13:18:33,,0.0,FHSS,,299,active,2440000000.0,ISM 2.4 GHz,1601395362452139.0,1601396014710873.0,53.6,0.4
1601385513,2020-09-29 13:18:33,,0.0,FHSS,Cheerson Leopard 2,258,active,2440000000.0,ISM 2.4 GHz,1601390540422472.0,1601396014634537.0,,
1601385513,2020-09-29 13:18:33,,1.0,FHSS,DJI Mavic Mini,270,active,2440000000.0,ISM 2.4 GHz,1601370481734079.0,1601396014711490.0,,
1601385513,2020-09-29 13:18:33,,1.0,FHSS,DJI Mavic Pro long,302,active,2440000000.0,ISM 2.4 GHz,1601395765097032.0,1601396014697592.0,53.6,0.2
1601385513,2020-09-29 13:18:33,,1.0,FHSS,DJI Mavic Pro short,303,active,2440000000.0,ISM 2.4 GHz,1601395765031032.0,1601396014691520.0,,
1601385513,2020-09-29 13:18:33,,1.0,FHSS,Hubsan,297,active,2440000000.0,ISM 2.4 GHz,1601395367313144.0,1601396014720873.0,53.6,0.4
1601385516,2020-09-29 13:18:36,,1.0,,DJI OcuSync,281474977710667,active,2406500000.0,ISM 2.4 GHz,1601395746483730.0,1601396019551818.0,54.0,1.0
1601385518,2020-09-29 13:18:38,,0.0,FHSS,Cheerson Leopard 2,258,active,2440000000.0,ISM 2.4 GHz,1601390540422472.0,1601396019563692.0,328.6,0.0
1601385520,2020-09-29 13:18:40,,1.0,,DJI OcuSync,281474977710667,active,2406500000.0,ISM 2.4 GHz,1601395746483730.0,1601396024007886.0,54.0,1.0
1601385525,2020-09-29 13:18:45,,1.0,,DJI OcuSync,281474977710667,active,2406500000.0,ISM 2.4 GHz,1601395746483730.0,1601396028587419.0,54.0,1.0
1601385525,2020-09-29 13:18:45,,0.0,FHSS,Cheerson Leopard 2,258,active,2440000000.0,ISM 2.4 GHz,1601390540422472.0,1601396023882873.0,151.6,0.0
1601385525,2020-09-29 13:18:45,,1.0,FHSS,DJI Mavic Pro long,302,active,2440000000.0,ISM 2.4 GHz,1601395765097032.0,1601396024147594.0,,
1601385526,2020-09-29 13:18:46,,0.0,FHSS,Cheerson Leopard 2,258,active,2440000000.0,ISM 2.4 GHz,1601390540422472.0,1601396024632715.0,,
1601385527,2020-09-29 13:18:47,,0.0,FHSS,,295,active,2440000000.0,ISM 2.4 GHz,1601394906514075.0,1601396028577400.0,,
1601385527,2020-09-29 13:18:47,,0.0,FHSS,,298,active,2440000000.0,ISM 2.4 GHz,1601395362446135.0,1601396028546873.0,54.5,2.2
1601385527,2020-09-29 13:18:47,,0.0,FHSS,,299,active,2440000000.0,ISM 2.4 GHz,1601395362452139.0,1601396028580877.0,55.2,0.9
1601385527,2020-09-29 13:18:47,,1.0,FHSS,Hubsan,297,active,2440000000.0,ISM 2.4 GHz,1601395367313144.0,1601396028540876.0,55.3,1.1
1601385530,2020-09-29 13:18:50,,1.0,,DJI OcuSync,281474977710667,active,2406500000.0,ISM 2.4 GHz,1601395746483730.0,1601396033419651.0,55.0,2.0
1601385532,2020-09-29 13:18:52,,1.0,FHSS,DJI Mavic Pro short,303,active,2440000000.0,ISM 2.4 GHz,1601395765031032.0,1601396033371525.0,54.8,0.9
1601385532,2020-09-29 13:18:52,,1.0,FHSS,DJI Mavic Mini,270,active,2440000000.0,ISM 2.4 GHz,1601370481734079.0,1601396033395780.0,326.2,0.6
1601385532,2020-09-29 13:18:52,,1.0,FHSS,DJI Mavic Pro long,302,active,2440000000.0,ISM 2.4 GHz,1601395765097032.0,1601396033367597.0,54.3,1.9
1601385532,2020-09-29 13:18:52,,0.0,FHSS,Cheerson Leopard 2,258,active,2440000000.0,ISM 2.4 GHz,1601390540422472.0,1601396033327170.0,327.0,0.0
1601385532,2020-09-29 13:18:52,,0.0,FHSS,,299,active,2440000000.0,ISM 2.4 GHz,1601395362452139.0,1601396033410875.0,53.9,1.3
1601385534,2020-09-29 13:18:54,,1.0,,DJI OcuSync,281474977710667,active,2406500000.0,ISM 2.4 GHz,1601395746483730.0,1601396037902131.0,55.0,2.0
1601385536,2020-09-29 13:18:56,,0.0,FHSS,,281,active,2440000000.0,ISM 2.4 GHz,1601394214783322.0,1601396037852858.0,334.9,15.0
1601385536,2020-09-29 13:18:56,,0.0,FHSS,,299,active,2440000000.0,ISM 2.4 GHz,1601395362452139.0,1601396037910879.0,55.4,0.8
1601385536,2020-09-29 13:18:56,,0.0,FHSS,Cheerson Leopard 2,258,active,2440000000.0,ISM 2.4 GHz,1601390540422472.0,1601396037828385.0,323.7,0.0
1601385536,2020-09-29 13:18:56,,1.0,FHSS,DJI Mavic Mini,270,active,2440000000.0,ISM 2.4 GHz,1601370481734079.0,1601396037919607.0,,
1601385536,2020-09-29 13:18:56,,1.0,FHSS,DJI Mavic Pro long,302,active,2440000000.0,ISM 2.4 GHz,1601395765097032.0,1601396037877598.0,,
1601385539,2020-09-29 13:18:59,,1.0,,DJI OcuSync,281474977710667,active,2406500000.0,ISM 2.4 GHz,1601395746483730.0,1601396042753513.0,53.0,3.0
1601385541,2020-09-29 13:19:01,,1.0,FHSS,DJI Mavic Pro short,303,active,2440000000.0,ISM 2.4 GHz,1601395765031032.0,1601396043151528.0,,
1601385541,2020-09-29 13:19:01,,0.0,FHSS,Cheerson Leopard 2,258,active,2440000000.0,ISM 2.4 GHz,1601390540422472.0,1601396042544522.0,,
1601385543,2020-09-29 13:19:03,,1.0,,DJI OcuSync,281474977710667,active,2406500000.0,ISM 2.4 GHz,1601395746483730.0,1601396047259023.0,55.0,3.0
1601385546,2020-09-29 13:19:06,,0.0,FHSS,,263,active,2440000000.0,ISM 2.4 GHz,1601394157754504.0,1601396047613077.0,,
1601385546,2020-09-29 13:19:06,,0.0,FHSS,Cheerson Leopard 2,258,active,2440000000.0,ISM 2.4 GHz,1601390540422472.0,1601396047254784.0,61.8,0.0
1601385547,2020-09-29 13:19:07,,0.0,FHSS,,263,active,2440000000.0,ISM 2.4 GHz,1601394157754504.0,1601396049214719.0,55.3,0.0
1601385547,2020-09-29 13:19:07,,0.0,FHSS,Cheerson Leopard 2,258,active,2440000000.0,ISM 2.4 GHz,1601390540422472.0,1601396049216918.0,,
1601385547,2020-09-29 13:19:07,,1.0,FHSS,DJI Mavic Mini,270,active,2440000000.0,ISM 2.4 GHz,1601370481734079.0,1601396049233943.0,55.6,0.6
1601385548,2020-09-29 13:19:08,,1.0,FHSS,DJI Mavic Mini,270,active,2440000000.0,ISM 2.4 GHz,1601370481734079.0,1601396050223000.0,142.3,0.0
1601385548,2020-09-29 13:19:08,,1.0,,DJI OcuSync,281474977710667,active,2406500000.0,ISM 2.4 GHz,1601395746483730.0,1601396051787834.0,141.0,1.0
1601385548,2020-09-29 13:19:08,,0.0,FHSS,,263,active,2440000000.0,ISM 2.4 GHz,1601394157754504.0,1601396050180840.0,123.9,15.0
1601385549,2020-09-29 13:19:09,,1.0,FHSS,DJI Mavic Mini,270,active,2440000000.0,ISM 2.4 GHz,1601370481734079.0,1601396051448830.0,55.8,0.0
1601385549,2020-09-29 13:19:09,,0.0,FHSS,Cheerson Leopard 2,258,active,2440000000.0,ISM 2.4 GHz,1601390540422472.0,1601396051464953.0,55.8,0.0
1601385549,2020-09-29 13:19:09,,0.0,FHSS,Cheerson Leopard 2,258,active,2440000000.0,ISM 2.4 GHz,1601390540422472.0,1601396051223900.0,161.0,7.3
1601385550,2020-09-29 13:19:10,,0.0,FHSS,,281,active,2440000000.0,ISM 2.4 GHz,1601394214783322.0,1601396051710223.0,,
1601385550,2020-09-29 13:19:10,,0.0,FHSS,,298,active,2440000000.0,ISM 2.4 GHz,1601395362446135.0,1601396051756884.0,,
1601385550,2020-09-29 13:19:10,,0.0,FHSS,,299,active,2440000000.0,ISM 2.4 GHz,1601395362452139.0,1601396051750883.0,,
1601385550,2020-09-29 13:19:10,,0.0,FHSS,Cheerson Leopard 2,258,active,2440000000.0,ISM 2.4 GHz,1601390540422472.0,1601396051753029.0,,
1601385550,2020-09-29 13:19:10,,1.0,FHSS,DJI Mavic Mini,270,active,2440000000.0,ISM 2.4 GHz,1601370481734079.0,1601396051758435.0,,
1601385553,2020-09-29 13:19:13,,1.0,,DJI OcuSync,281474977710667,active,2406500000.0,ISM 2.4 GHz,1601395746483730.0,1601396056497183.0,141.0,1.0
1601385558,2020-09-29 13:19:18,,1.0,FHSS,Hubsan,297,active,2440000000.0,ISM 2.4 GHz,1601395367313144.0,1601396056490884.0,53.8,1.3
1601385558,2020-09-29 13:19:18,,0.0,FHSS,,299,active,2440000000.0,ISM 2.4 GHz,1601395362452139.0,1601396056470884.0,54.1,1.2
1601385558,2020-09-29 13:19:18,,0.0,FHSS,Cheerson Leopard 2,258,active,2440000000.0,ISM 2.4 GHz,1601390540422472.0,1601396056491062.0,332.3,0.5
1601385558,2020-09-29 13:19:18,,0.0,FHSS,,263,active,2440000000.0,ISM 2.4 GHz,1601394157754504.0,1601396056488060.0,3.6,15.0
1601385558,2020-09-29 13:19:18,,0.0,FHSS,,298,active,2440000000.0,ISM 2.4 GHz,1601395362446135.0,1601396056486882.0,54.2,1.7
1601385560,2020-09-29 13:19:20,,0.0,FHSS,,281,active,2440000000.0,ISM 2.4 GHz,1601394214783322.0,1601396061874844.0,56.7,0.0
1601385560,2020-09-29 13:19:20,,0.0,FHSS,Cheerson Leopard 2,258,active,2440000000.0,ISM 2.4 GHz,1601390540422472.0,1601396061796695.0,56.7,0.0
1601385560,2020-09-29 13:19:20,,1.0,FHSS,DJI Mavic Mini,270,active,2440000000.0,ISM 2.4 GHz,1601370481734079.0,1601396061853464.0,56.7,0.0
1601385560,2020-09-29 13:19:20,,1.0,FHSS,DJI Mavic Pro long,302,active,2440000000.0,ISM 2.4 GHz,1601395765097032.0,1601396061857606.0,50.5,0.9
1601385562,2020-09-29 13:19:22,,0.0,FHSS,,263,active,2440000000.0,ISM 2.4 GHz,1601394157754504.0,1601396064140058.0,,
1601385562,2020-09-29 13:19:22,,0.0,FHSS,Cheerson Leopard 2,258,active,2440000000.0,ISM 2.4 GHz,1601390540422472.0,1601396064036458.0,,
1601385562,2020-09-29 13:19:22,,1.0,FHSS,DJI Mavic Mini,270,active,2440000000.0,ISM 2.4 GHz,1601370481734079.0,1601396064138217.0,155.1,0.0
1601385562,2020-09-29 13:19:22,,1.0,FHSS,DJI Mavic Pro long,302,active,2440000000.0,ISM 2.4 GHz,1601395765097032.0,1601396064097608.0,,
1601385563,2020-09-29 13:19:23,,1.0,FHSS,Hubsan,297,active,2440000000.0,ISM 2.4 GHz,1601395367313144.0,1601396065124568.0,,
1601385563,2020-09-29 13:19:23,,1.0,FHSS,DJI Mavic Mini,270,active,2440000000.0,ISM 2.4 GHz,1601370481734079.0,1601396065134685.0,58.5,0.0
1601385563,2020-09-29 13:19:23,,0.0,FHSS,,299,active,2440000000.0,ISM 2.4 GHz,1601395362452139.0,1601396065144566.0,,
1601385563,2020-09-29 13:19:23,,0.0,FHSS,,281,active,2440000000.0,ISM 2.4 GHz,1601394214783322.0,1601396065133054.0,,
1601385563,2020-09-29 13:19:23,,1.0,,DJI OcuSync,281474977710667,active,2406500000.0,ISM 2.4 GHz,1601395746483730.0,1601396066760456.0,141.0,1.0
1601385563,2020-09-29 13:19:23,,0.0,FHSS,,298,active,2440000000.0,ISM 2.4 GHz,1601395362446135.0,1601396065120568.0,,
1601385564,2020-09-29 13:19:24,,0.0,FHSS,,281,active,2440000000.0,ISM 2.4 GHz,1601394214783322.0,1601396065809822.0,51.0,0.0
1601385564,2020-09-29 13:19:24,,0.0,FHSS,,301,active,2440000000.0,ISM 2.4 GHz,1601395748658065.0,1601396066109349.0,,
1601385564,2020-09-29 13:19:24,,1.0,FHSS,DJI Mavic Mini,270,active,2440000000.0,ISM 2.4 GHz,1601370481734079.0,1601396066144121.0,,
1601385564,2020-09-29 13:19:24,,1.0,FHSS,DJI Mavic Pro long,302,active,2440000000.0,ISM 2.4 GHz,1601395765097032.0,1601396066140069.0,51.0,0.0
1601385564,2020-09-29 13:19:24,,1.0,FHSS,DJI Mavic Pro long,302,active,2440000000.0,ISM 2.4 GHz,1601395765097032.0,1601396066291459.0,,
1601385564,2020-09-29 13:19:24,,1.0,FHSS,MJX R/C Technic,306,active,2440000000.0,ISM 2.4 GHz,1601395181943885.0,1601396066044382.0,,
1601385567,2020-09-29 13:19:27,,1.0,,DJI OcuSync,281474977710667,active,2406500000.0,ISM 2.4 GHz,1601395746483730.0,1601396071245343.0,55.0,4.0
1601385569,2020-09-29 13:19:29,,0.0,FHSS,Cheerson Leopard 2,258,active,2440000000.0,ISM 2.4 GHz,1601390540422472.0,1601396071228727.0,142.8,0.0
1601385570,2020-09-29 13:19:30,,0.0,FHSS,Cheerson Leopard 2,258,active,2440000000.0,ISM 2.4 GHz,1601390540422472.0,1601396071957421.0,,
1601385571,2020-09-29 13:19:31,,0.0,FHSS,,298,active,2440000000.0,ISM 2.4 GHz,1601395362446135.0,1601396073026892.0,57.8,0.8
1601385571,2020-09-29 13:19:31,,0.0,FHSS,,299,active,2440000000.0,ISM 2.4 GHz,1601395362452139.0,1601396073030889.0,57.9,0.9
1601385571,2020-09-29 13:19:31,,0.0,FHSS,,301,active,2440000000.0,ISM 2.4 GHz,1601395748658065.0,1601396072936890.0,58.7,0.0
1601385571,2020-09-29 13:19:31,,1.0,FHSS,Hubsan,297,active,2440000000.0,ISM 2.4 GHz,1601395367313144.0,1601396073010892.0,57.4,0.8
1601385572,2020-09-29 13:19:32,,1.0,,DJI OcuSync,281474977710667,active,2406500000.0,ISM 2.4 GHz,1601395746483730.0,1601396075525758.0,55.0,4.0
1601385572,2020-09-29 13:19:32,,0.0,FHSS,,299,active,2440000000.0,ISM 2.4 GHz,1601395362452139.0,1601396074026111.0,55.8,1.4
1601385572,2020-09-29 13:19:32,,0.0,FHSS,,301,active,2440000000.0,ISM 2.4 GHz,1601395748658065.0,1601396074022112.0,55.1,0.0
1601385572,2020-09-29 13:19:32,,1.0,FHSS,Hubsan,297,active,2440000000.0,ISM 2.4 GHz,1601395367313144.0,1601396074036112.0,56.2,1.5
1601385573,2020-09-29 13:19:33,,1.0,FHSS,Hubsan,297,active,2440000000.0,ISM 2.4 GHz,1601395367313144.0,1601396075006193.0,49.9,4.4
1601385573,2020-09-29 13:19:33,,0.0,FHSS,,299,active,2440000000.0,ISM 2.4 GHz,1601395362452139.0,1601396075036193.0,53.2,5.8
1601385573,2020-09-29 13:19:33,,1.0,FHSS,Hubsan,297,active,2440000000.0,ISM 2.4 GHz,1601395367313144.0,1601396075246221.0,,
1601385573,2020-09-29 13:19:33,,0.0,FHSS,,301,active,2440000000.0,ISM 2.4 GHz,1601395748658065.0,1601396074992193.0,,
1601385573,2020-09-29 13:19:33,,0.0,FHSS,,298,active,2440000000.0,ISM 2.4 GHz,1601395362446135.0,1601396075032192.0,51.1,5.0
1601385573,2020-09-29 13:19:33,,0.0,FHSS,,298,active,2440000000.0,ISM 2.4 GHz,1601395362446135.0,1601396075182221.0,,
1601385573,2020-09-29 13:19:33,,0.0,FHSS,,299,active,2440000000.0,ISM 2.4 GHz,1601395362452139.0,1601396075186222.0,,
1601385574,2020-09-29 13:19:34,,0.0,FHSS,Cheerson Leopard 2,258,active,2440000000.0,ISM 2.4 GHz,1601390540422472.0,1601396075523772.0,146.3,0.7
1601385574,2020-09-29 13:19:34,,1.0,FHSS,DJI Mavic Mini,270,active,2440000000.0,ISM 2.4 GHz,1601370481734079.0,1601396075538244.0,145.8,0.9
1601385578,2020-09-29 13:19:38,,0.0,FHSS,Cheerson Leopard 2,258,active,2440000000.0,ISM 2.4 GHz,1601390540422472.0,1601396080259968.0,,
1601385578,2020-09-29 13:19:38,,1.0,FHSS,DJI Mavic Mini,270,active,2440000000.0,ISM 2.4 GHz,1601370481734079.0,1601396080378141.0,56.5,0.0
1601385580,2020-09-29 13:19:40,,1.0,FHSS,DJI Mavic Mini,270,active,2440000000.0,ISM 2.4 GHz,1601370481734079.0,1601396082422735.0,,
1601385583,2020-09-29 13:19:43,,0.0,FHSS,,295,active,2440000000.0,ISM 2.4 GHz,1601394906514075.0,1601396085006045.0,80.8,15.0
1601385586,2020-09-29 13:19:46,,1.0,,DJI OcuSync,281474977710667,active,2406500000.0,ISM 2.4 GHz,1601395746483730.0,1601396089732446.0,55.0,4.0
1601385590,2020-09-29 13:19:50,,1.0,,DJI OcuSync,281474977710667,active,2406500000.0,ISM 2.4 GHz,1601395746483730.0,1601396094103563.0,55.0,4.0
1601385590,2020-09-29 13:19:50,,0.0,FHSS,Cheerson Leopard 2,258,active,2440000000.0,ISM 2.4 GHz,1601390540422472.0,1601396089483441.0,328.9,0.0
1601385591,2020-09-29 13:19:51,,0.0,FHSS,Cheerson Leopard 2,258,active,2440000000.0,ISM 2.4 GHz,1601390540422472.0,1601396089933212.0,,
1601385594,2020-09-29 13:19:54,,0.0,FHSS,,281,active,2440000000.0,ISM 2.4 GHz,1601394214783322.0,1601396095699029.0,,
1601385594,2020-09-29 13:19:54,,0.0,FHSS,,295,active,2440000000.0,ISM 2.4 GHz,1601394906514075.0,1601396095695705.0,,
1601385595,2020-09-29 13:19:55,,1.0,FHSS,"DJI Mavic Mini, MJX R/C Technic",307,active,2440000000.0,ISM 2.4 GHz,1601370481734079.0,1601396096937652.0,,
1601385604,2020-09-29 13:20:04,,1.0,,DJI OcuSync,281474977710667,active,2406500000.0,ISM 2.4 GHz,1601395746483730.0,1601396108159761.0,55.0,4.0
1601385605,2020-09-29 13:20:05,,0.0,FHSS,Cheerson Leopard 2,258,active,2440000000.0,ISM 2.4 GHz,1601390540422472.0,1601396106683905.0,47.1,0.1
1601385605,2020-09-29 13:20:05,,1.0,FHSS,"DJI Mavic Mini, MJX R/C Technic",307,active,2440000000.0,ISM 2.4 GHz,1601370481734079.0,1601396106666995.0,47.7,0.8
1601385605,2020-09-29 13:20:05,,0.0,FHSS,,281,active,2440000000.0,ISM 2.4 GHz,1601394214783322.0,1601396106637744.0,47.3,0.4
1601385605,2020-09-29 13:20:05,,0.0,FHSS,,289,active,2440000000.0,ISM 2.4 GHz,1601395229146025.0,1601396106146250.0,47.4,0.0
1601385605,2020-09-29 13:20:05,,1.0,FHSS,DJI Mavic Pro long,302,active,2440000000.0,ISM 2.4 GHz,1601395765097032.0,1601396106658634.0,48.2,1.2
1601385606,2020-09-29 13:20:06,,1.0,FHSS,DJI Mavic Pro long,302,active,2440000000.0,ISM 2.4 GHz,1601395765097032.0,1601396108137624.0,,
1601385606,2020-09-29 13:20:06,,1.0,FHSS,"DJI Mavic Mini, MJX R/C Technic",307,active,2440000000.0,ISM 2.4 GHz,1601370481734079.0,1601396108143984.0,146.5,0.7
1601385606,2020-09-29 13:20:06,,0.0,FHSS,Cheerson Leopard 2,258,active,2440000000.0,ISM 2.4 GHz,1601390540422472.0,1601396108130123.0,146.5,0.7
1601385606,2020-09-29 13:20:06,,0.0,FHSS,Cheerson Leopard 2,258,active,2440000000.0,ISM 2.4 GHz,1601390540422472.0,1601396107683377.0,,
1601385609,2020-09-29 13:20:09,,1.0,,DJI OcuSync,281474977710667,active,2406500000.0,ISM 2.4 GHz,1601395746483730.0,1601396113050759.0,55.0,4.0
1601385611,2020-09-29 13:20:11,,0.0,FHSS,Cheerson Leopard 2,258,active,2440000000.0,ISM 2.4 GHz,1601390540422472.0,1601396112915343.0,,
1601385611,2020-09-29 13:20:11,,1.0,FHSS,"DJI Mavic Mini, MJX R/C Technic",307,active,2440000000.0,ISM 2.4 GHz,1601370481734079.0,1601396113300760.0,329.0,0.0
1601385612,2020-09-29 13:20:12,,0.0,FHSS,,289,active,2440000000.0,ISM 2.4 GHz,1601395229146025.0,1601396114481986.0,,
1601385612,2020-09-29 13:20:12,,1.0,FHSS,"DJI Mavic Mini, MJX R/C Technic",307,active,2440000000.0,ISM 2.4 GHz,1601370481734079.0,1601396114397787.0,,
1601385613,2020-09-29 13:20:13,,1.0,,DJI OcuSync,281474977710667,active,2406500000.0,ISM 2.4 GHz,1601395746483730.0,1601396117120019.0,55.0,4.0
1601385614,2020-09-29 13:20:14,,0.0,FHSS,,281,active,2440000000.0,ISM 2.4 GHz,1601394214783322.0,1601396115551456.0,,
1601385614,2020-09-29 13:20:14,,0.0,FHSS,,308,active,2440000000.0,ISM 2.4 GHz,1601395747478806.0,1601396115588058.0,,
1601385615,2020-09-29 13:20:15,,1.0,FHSS,DJI Mavic Pro long,302,active,2440000000.0,ISM 2.4 GHz,1601395765097032.0,1601396117107627.0,,
1601385615,2020-09-29 13:20:15,,1.0,FHSS,DJI Mavic Pro long,302,active,2440000000.0,ISM 2.4 GHz,1601395765097032.0,1601396116553887.0,55.9,0.1
1601385615,2020-09-29 13:20:15,,1.0,FHSS,"DJI Mavic Mini, MJX R/C Technic",307,active,2440000000.0,ISM 2.4 GHz,1601370481734079.0,1601396117111762.0,55.4,0.0
1601385615,2020-09-29 13:20:15,,0.0,FHSS,,295,active,2440000000.0,ISM 2.4 GHz,1601394906514075.0,1601396117110156.0,55.4,0.0
1601385615,2020-09-29 13:20:15,,0.0,FHSS,,263,active,2440000000.0,ISM 2.4 GHz,1601394157754504.0,1601396116477816.0,56.0,0.1
1601385615,2020-09-29 13:20:15,,0.0,FHSS,,308,active,2440000000.0,ISM 2.4 GHz,1601395747478806.0,1601396116593676.0,56.0,0.0
1601385616,2020-09-29 13:20:16,,1.0,FHSS,"DJI Mavic Mini, MJX R/C Technic",307,active,2440000000.0,ISM 2.4 GHz,1601370481734079.0,1601396117897853.0,,
1601385626,2020-09-29 13:20:26,,0.0,FHSS,,281,active,2440000000.0,ISM 2.4 GHz,1601394214783322.0,1601396127773651.0,39.3,15.0
1601385627,2020-09-29 13:20:27,,0.0,FHSS,,281,active,2440000000.0,ISM 2.4 GHz,1601394214783322.0,1601396128770790.0,,
1601385628,2020-09-29 13:20:28,,1.0,FHSS,DJI Mavic Pro short,303,active,2440000000.0,ISM 2.4 GHz,1601395765031032.0,1601396129811560.0,57.4,1.2
1601385628,2020-09-29 13:20:28,,0.0,FHSS,,308,active,2440000000.0,ISM 2.4 GHz,1601395747478806.0,1601396129797062.0,58.5,0.3
1601385628,2020-09-29 13:20:28,,1.0,FHSS,DJI Mavic Pro long,302,active,2440000000.0,ISM 2.4 GHz,1601395765097032.0,1601396129817631.0,57.3,1.2
1601385629,2020-09-29 13:20:29,,1.0,FHSS,DJI Mavic Pro short,303,active,2440000000.0,ISM 2.4 GHz,1601395765031032.0,1601396130761560.0,,
1601385629,2020-09-29 13:20:29,,1.0,FHSS,DJI Mavic Pro long,302,active,2440000000.0,ISM 2.4 GHz,1601395765097032.0,1601396130767632.0,55.8,0.5
1601385629,2020-09-29 13:20:29,,0.0,FHSS,,308,active,2440000000.0,ISM 2.4 GHz,1601395747478806.0,1601396130821043.0,,
1601385630,2020-09-29 13:20:30,,0.0,FHSS,,263,active,2440000000.0,ISM 2.4 GHz,1601394157754504.0,1601396132116465.0,,
1601385630,2020-09-29 13:20:30,,0.0,FHSS,Cheerson Leopard 2,258,active,2440000000.0,ISM 2.4 GHz,1601390540422472.0,1601396132098927.0,114.2,0.0
1601385630,2020-09-29 13:20:30,,1.0,FHSS,"DJI Mavic Mini, MJX R/C Technic",307,active,2440000000.0,ISM 2.4 GHz,1601370481734079.0,1601396132128440.0,114.2,0.0
1601385630,2020-09-29 13:20:30,,1.0,FHSS,DJI Mavic Pro long,302,active,2440000000.0,ISM 2.4 GHz,1601395765097032.0,1601396131877633.0,,
1601385634,2020-09-29 13:20:34,,1.0,,DJI OcuSync,281474977710667,active,2416500000.0,ISM 2.4 GHz,1601395746483730.0,1601396137166669.0,48.0,1.0
1601385635,2020-09-29 13:20:35,,0.0,FHSS,Cheerson Leopard 2,258,active,2440000000.0,ISM 2.4 GHz,1601390540422472.0,1601396136835125.0,,
1601385637,2020-09-29 13:20:37,,1.0,,DJI OcuSync,281474977710667,active,2416500000.0,ISM 2.4 GHz,1601395746483730.0,1601396141163550.0,72.0,1.0
1601385639,2020-09-29 13:20:39,,1.0,FHSS,"DJI Mavic Mini, MJX R/C Technic",307,active,2440000000.0,ISM 2.4 GHz,1601370481734079.0,1601396141004486.0,,
1601385640,2020-09-29 13:20:40,,1.0,FHSS,"DJI Mavic Mini, MJX R/C Technic",307,active,2440000000.0,ISM 2.4 GHz,1601370481734079.0,1601396141908198.0,140.7,0.0
1601385642,2020-09-29 13:20:42,,1.0,,DJI OcuSync,281474977710667,active,2416500000.0,ISM 2.4 GHz,1601395746483730.0,1601396145915310.0,140.0,2.0
1601385646,2020-09-29 13:20:46,,0.0,FHSS,,295,active,2440000000.0,ISM 2.4 GHz,1601394906514075.0,1601396147929591.0,,
1601385647,2020-09-29 13:20:47,,1.0,,DJI OcuSync,281474977710667,active,2416500000.0,ISM 2.4 GHz,1601395746483730.0,1601396150532325.0,64.0,5.0
1601385647,2020-09-29 13:20:47,,1.0,FHSS,"DJI Mavic Mini, MJX R/C Technic",307,active,2440000000.0,ISM 2.4 GHz,1601370481734079.0,1601396148401567.0,,
1601385651,2020-09-29 13:20:51,,1.0,,DJI OcuSync,281474977710667,active,2416500000.0,ISM 2.4 GHz,1601395746483730.0,1601396155147077.0,64.0,5.0
1601385657,2020-09-29 13:20:57,,1.0,,DJI OcuSync,281474977710667,active,2416500000.0,ISM 2.4 GHz,1601395746483730.0,1601396160322168.0,64.0,5.0
1601385657,2020-09-29 13:20:57,,0.0,FHSS,,298,active,2440000000.0,ISM 2.4 GHz,1601395362446135.0,1601396155046921.0,55.0,0.0
1601385657,2020-09-29 13:20:57,,1.0,FHSS,Hubsan,297,active,2440000000.0,ISM 2.4 GHz,1601395367313144.0,1601396155050922.0,54.8,0.2
1601385658,2020-09-29 13:20:58,,1.0,FHSS,Hubsan,297,active,2440000000.0,ISM 2.4 GHz,1601395367313144.0,1601396160280923.0,,
1601385660,2020-09-29 13:21:00,,0.0,FHSS,,308,active,2440000000.0,ISM 2.4 GHz,1601395747478806.0,1601396162092251.0,78.5,0.0
1601385661,2020-09-29 13:21:01,,1.0,,DJI OcuSync,281474977710667,active,2416500000.0,ISM 2.4 GHz,1601395746483730.0,1601396164642776.0,55.0,5.0
1601385661,2020-09-29 13:21:01,,0.0,FHSS,,308,active,2440000000.0,ISM 2.4 GHz,1601395747478806.0,1601396163013862.0,,
1601385662,2020-09-29 13:21:02,,0.0,FHSS,,309,active,2440000000.0,ISM 2.4 GHz,1601395891057011.0,1601396163724465.0,,
1601385666,2020-09-29 13:21:06,,1.0,,DJI OcuSync,281474977710667,active,2416500000.0,ISM 2.4 GHz,1601395746483730.0,1601396169301156.0,58.0,5.0
1601385667,2020-09-29 13:21:07,,0.0,FHSS,,299,active,2440000000.0,ISM 2.4 GHz,1601395362452139.0,1601396169150925.0,60.8,0.0
1601385670,2020-09-29 13:21:10,,1.0,,DJI OcuSync,281474977710667,active,2416500000.0,ISM 2.4 GHz,1601395746483730.0,1601396173887876.0,54.0,15.0
1601385675,2020-09-29 13:21:15,,1.0,,DJI OcuSync,281474977710667,active,2416500000.0,ISM 2.4 GHz,1601395746483730.0,1601396178379463.0,54.0,15.0
1601385679,2020-09-29 13:21:19,,1.0,,DJI OcuSync,281474977710667,active,2416500000.0,ISM 2.4 GHz,1601395746483730.0,1601396182904252.0,64.0,7.0
1601385683,2020-09-29 13:21:23,,1.0,,DJI OcuSync,281474977710667,active,2416500000.0,ISM 2.4 GHz,1601395746483730.0,1601396187304967.0,56.0,5.0
1601385687,2020-09-29 13:21:27,,1.0,,DJI OcuSync,281474977710667,active,2416500000.0,ISM 2.4 GHz,1601395746483730.0,1601396191259918.0,56.0,5.0
1601385688,2020-09-29 13:21:28,,0.0,FHSS,Cheerson Leopard 2,258,active,2440000000.0,ISM 2.4 GHz,1601390540422472.0,1601396187986986.0,142.8,0.0
1601385688,2020-09-29 13:21:28,,1.0,FHSS,Hubsan,297,active,2440000000.0,ISM 2.4 GHz,1601395367313144.0,1601396187240934.0,59.1,0.0
1601385689,2020-09-29 13:21:29,,1.0,FHSS,DJI Mavic Pro long,302,active,2440000000.0,ISM 2.4 GHz,1601395765097032.0,1601396191227655.0,59.5,1.0
1601385692,2020-09-29 13:21:32,,0.0,FHSS,Cheerson Leopard 2,258,active,2440000000.0,ISM 2.4 GHz,1601390540422472.0,1601396193425015.0,157.2,0.0
1601385693,2020-09-29 13:21:33,,0.0,FHSS,,295,active,2440000000.0,ISM 2.4 GHz,1601394906514075.0,1601396194432121.0,57.8,0.0
1601385693,2020-09-29 13:21:33,,0.0,FHSS,Cheerson Leopard 2,258,active,2440000000.0,ISM 2.4 GHz,1601390540422472.0,1601396194418182.0,,
1601385693,2020-09-29 13:21:33,,1.0,FHSS,"DJI Mavic Mini, MJX R/C Technic",307,active,2440000000.0,ISM 2.4 GHz,1601370481734079.0,1601396194435357.0,57.8,0.0
1601385694,2020-09-29 13:21:34,,0.0,FHSS,,281,active,2440000000.0,ISM 2.4 GHz,1601394214783322.0,1601396195429976.0,42.2,15.0
1601385694,2020-09-29 13:21:34,,0.0,FHSS,,295,active,2440000000.0,ISM 2.4 GHz,1601394906514075.0,1601396195067214.0,54.4,0.0
1601385694,2020-09-29 13:21:34,,0.0,FHSS,,295,active,2440000000.0,ISM 2.4 GHz,1601394906514075.0,1601396196056582.0,,
1601385694,2020-09-29 13:21:34,,0.0,FHSS,Cheerson Leopard 2,258,active,2440000000.0,ISM 2.4 GHz,1601390540422472.0,1601396195411215.0,54.3,0.2
1601385694,2020-09-29 13:21:34,,0.0,FHSS,Cheerson Leopard 2,258,active,2440000000.0,ISM 2.4 GHz,1601390540422472.0,1601396195602123.0,,
1601385694,2020-09-29 13:21:34,,1.0,FHSS,"DJI Mavic Mini, MJX R/C Technic",307,active,2440000000.0,ISM 2.4 GHz,1601370481734079.0,1601396195607930.0,55.9,0.0
1601385694,2020-09-29 13:21:34,,1.0,FHSS,"DJI Mavic Mini, MJX R/C Technic",307,active,2440000000.0,ISM 2.4 GHz,1601370481734079.0,1601396195855096.0,,
1601385694,2020-09-29 13:21:34,,1.0,FHSS,DJI Mavic Pro long,302,active,2440000000.0,ISM 2.4 GHz,1601395765097032.0,1601396195947656.0,,
1601385697,2020-09-29 13:21:37,,1.0,,DJI OcuSync,281474977710667,active,2416500000.0,ISM 2.4 GHz,1601395746483730.0,1601396200614614.0,56.0,1.0
1601385699,2020-09-29 13:21:39,,0.0,FHSS,,298,active,2440000000.0,ISM 2.4 GHz,1601395362446135.0,1601396200596938.0,63.9,3.2
1601385699,2020-09-29 13:21:39,,1.0,FHSS,DJI Mavic Pro long,302,active,2440000000.0,ISM 2.4 GHz,1601395765097032.0,1601396200607659.0,60.5,1.8
1601385699,2020-09-29 13:21:39,,1.0,FHSS,DJI Mavic Pro short,303,active,2440000000.0,ISM 2.4 GHz,1601395765031032.0,1601396200601586.0,61.5,0.7
1601385702,2020-09-29 13:21:42,,1.0,,DJI OcuSync,281474977710667,active,2416500000.0,ISM 2.4 GHz,1601395746483730.0,1601396205503965.0,56.0,1.0
1601385703,2020-09-29 13:21:43,,0.0,FHSS,,295,active,2440000000.0,ISM 2.4 GHz,1601394906514075.0,1601396204682116.0,144.8,0.0
1601385704,2020-09-29 13:21:44,,1.0,FHSS,DJI Mavic Pro long,302,active,2440000000.0,ISM 2.4 GHz,1601395765097032.0,1601396206137660.0,,
1601385704,2020-09-29 13:21:44,,1.0,FHSS,DJI Mavic Pro short,303,active,2440000000.0,ISM 2.4 GHz,1601395765031032.0,1601396205461588.0,64.6,3.3
1601385704,2020-09-29 13:21:44,,1.0,FHSS,DJI Mavic Pro short,303,active,2440000000.0,ISM 2.4 GHz,1601395765031032.0,1601396206121589.0,,
1601385706,2020-09-29 13:21:46,,1.0,,DJI OcuSync,281474977710667,active,2416500000.0,ISM 2.4 GHz,1601395746483730.0,1601396210129149.0,64.0,4.0
1601385711,2020-09-29 13:21:51,,1.0,,DJI OcuSync,281474977710667,active,2416500000.0,ISM 2.4 GHz,1601395746483730.0,1601396214689178.0,64.0,4.0
1601385713,2020-09-29 13:21:53,,1.0,FHSS,Hubsan,297,active,2440000000.0,ISM 2.4 GHz,1601395367313144.0,1601396214650945.0,67.9,0.3
1601385713,2020-09-29 13:21:53,,1.0,FHSS,DJI Mavic Pro short,303,active,2440000000.0,ISM 2.4 GHz,1601395765031032.0,1601396214631592.0,64.1,6.8
1601385713,2020-09-29 13:21:53,,0.0,FHSS,,299,active,2440000000.0,ISM 2.4 GHz,1601395362452139.0,1601396214660945.0,63.8,0.6
1601385713,2020-09-29 13:21:53,,1.0,FHSS,DJI Mavic Pro long,302,active,2440000000.0,ISM 2.4 GHz,1601395765097032.0,1601396214677663.0,67.7,0.0
1601385715,2020-09-29 13:21:55,,1.0,,DJI OcuSync,281474977710667,active,2416500000.0,ISM 2.4 GHz,1601395746483730.0,1601396219277119.0,64.0,4.0
1601385721,2020-09-29 13:22:01,,1.0,FHSS,Hubsan,297,active,2440000000.0,ISM 2.4 GHz,1601395367313144.0,1601396219240945.0,66.3,0.7
1601385721,2020-09-29 13:22:01,,1.0,,DJI OcuSync,281474977710667,active,2416500000.0,ISM 2.4 GHz,1601395746483730.0,1601396224652110.0,64.0,4.0
1601385721,2020-09-29 13:22:01,,0.0,FHSS,,298,active,2440000000.0,ISM 2.4 GHz,1601395362446135.0,1601396219246945.0,67.8,3.6
1601385721,2020-09-29 13:22:01,,0.0,FHSS,,299,active,2440000000.0,ISM 2.4 GHz,1601395362452139.0,1601396219250945.0,66.0,1.1
1601385721,2020-09-29 13:22:01,,0.0,FHSS,,301,active,2440000000.0,ISM 2.4 GHz,1601395748658065.0,1601396219226946.0,66.9,0.3
1601385721,2020-09-29 13:22:01,,1.0,FHSS,DJI Mavic Pro long,302,active,2440000000.0,ISM 2.4 GHz,1601395765097032.0,1601396219077665.0,,
1601385723,2020-09-29 13:22:03,,1.0,FHSS,DJI Mavic Pro long,302,active,2440000000.0,ISM 2.4 GHz,1601395765097032.0,1601396224457668.0,68.5,0.5
1601385723,2020-09-29 13:22:03,,1.0,FHSS,DJI Mavic Pro short,303,active,2440000000.0,ISM 2.4 GHz,1601395765031032.0,1601396224451596.0,68.7,0.2
1601385723,2020-09-29 13:22:03,,0.0,FHSS,,298,active,2440000000.0,ISM 2.4 GHz,1601395362446135.0,1601396224616948.0,69.1,0.6
1601385723,2020-09-29 13:22:03,,0.0,FHSS,,299,active,2440000000.0,ISM 2.4 GHz,1601395362452139.0,1601396224610948.0,69.2,0.5
1601385723,2020-09-29 13:22:03,,1.0,FHSS,Hubsan,297,active,2440000000.0,ISM 2.4 GHz,1601395367313144.0,1601396224600948.0,69.0,0.5
1601385726,2020-09-29 13:22:06,,1.0,,DJI OcuSync,281474977710667,active,2416500000.0,ISM 2.4 GHz,1601395746483730.0,1601396229604930.0,64.0,4.0
1601385728,2020-09-29 13:22:08,,1.0,FHSS,DJI Mavic Pro long,302,active,2440000000.0,ISM 2.4 GHz,1601395765097032.0,1601396230317670.0,,
1601385728,2020-09-29 13:22:08,,1.0,FHSS,DJI Mavic Pro short,303,active,2440000000.0,ISM 2.4 GHz,1601395765031032.0,1601396230321598.0,,
1601385728,2020-09-29 13:22:08,,1.0,FHSS,Hubsan,297,active,2440000000.0,ISM 2.4 GHz,1601395367313144.0,1601396229480950.0,72.0,0.0
1601385730,2020-09-29 13:22:10,,1.0,,DJI OcuSync,281474977710667,active,2416500000.0,ISM 2.4 GHz,1601395746483730.0,1601396234354427.0,72.0,2.0
1601385731,2020-09-29 13:22:11,,0.0,FHSS,,310,active,5795000000.0,ISM 5.8 GHz,1601396230761377.0,1601396233321796.0,,
1601385732,2020-09-29 13:22:12,,1.0,FHSS,Hubsan,297,active,2440000000.0,ISM 2.4 GHz,1601395367313144.0,1601396234250953.0,76.9,0.7
1601385733,2020-09-29 13:22:13,,0.0,FHSS,Cheerson Leopard 2,258,active,2440000000.0,ISM 2.4 GHz,1601390540422472.0,1601396235076686.0,151.3,0.0
1601385735,2020-09-29 13:22:15,,1.0,,DJI OcuSync,281474977710667,active,2416500000.0,ISM 2.4 GHz,1601395746483730.0,1601396238923519.0,72.0,2.0
1601385737,2020-09-29 13:22:17,,1.0,FHSS,Hubsan,297,active,2440000000.0,ISM 2.4 GHz,1601395367313144.0,1601396238880954.0,84.9,0.5
1601385737,2020-09-29 13:22:17,,1.0,FHSS,DJI Mavic Pro long,302,active,2440000000.0,ISM 2.4 GHz,1601395765097032.0,1601396238837674.0,85.7,0.5
1601385737,2020-09-29 13:22:17,,1.0,FHSS,DJI Mavic Pro short,303,active,2440000000.0,ISM 2.4 GHz,1601395765031032.0,1601396238831602.0,85.0,1.0
1601385737,2020-09-29 13:22:17,,0.0,FHSS,,298,active,2440000000.0,ISM 2.4 GHz,1601395362446135.0,1601396238916953.0,85.0,0.4
1601385737,2020-09-29 13:22:17,,0.0,FHSS,,299,active,2440000000.0,ISM 2.4 GHz,1601395362452139.0,1601396238910953.0,84.9,0.5
1601385740,2020-09-29 13:22:20,,1.0,,DJI OcuSync,281474977710667,active,2416500000.0,ISM 2.4 GHz,1601395746483730.0,1601396243841885.0,72.0,2.0
1601385743,2020-09-29 13:22:23,,1.0,,DJI OcuSync,281474977710667,active,2416500000.0,ISM 2.4 GHz,1601395746483730.0,1601396247014897.0,72.0,2.0
1601385743,2020-09-29 13:22:23,,0.0,FHSS,,298,active,2440000000.0,ISM 2.4 GHz,1601395362446135.0,1601396243836955.0,97.4,1.0
1601385743,2020-09-29 13:22:23,,0.0,FHSS,,299,active,2440000000.0,ISM 2.4 GHz,1601395362452139.0,1601396243830957.0,97.4,0.8
1601385743,2020-09-29 13:22:23,,0.0,FHSS,,301,active,2440000000.0,ISM 2.4 GHz,1601395748658065.0,1601396243826956.0,97.5,0.8
1601385743,2020-09-29 13:22:23,,1.0,FHSS,DJI Mavic Pro long,302,active,2440000000.0,ISM 2.4 GHz,1601395765097032.0,1601396243817676.0,,
1601385743,2020-09-29 13:22:23,,1.0,FHSS,DJI Mavic Pro short,303,active,2440000000.0,ISM 2.4 GHz,1601395765031032.0,1601396243801605.0,97.2,0.2
1601385743,2020-09-29 13:22:23,,1.0,FHSS,Hubsan,297,active,2440000000.0,ISM 2.4 GHz,1601395367313144.0,1601396243840957.0,97.7,0.3
1601385744,2020-09-29 13:22:24,,1.0,FHSS,DJI Mavic Pro short,303,active,2440000000.0,ISM 2.4 GHz,1601395765031032.0,1601396245381605.0,,
1601385745,2020-09-29 13:22:25,,1.0,FHSS,Hubsan,297,active,2440000000.0,ISM 2.4 GHz,1601395367313144.0,1601396246970958.0,110.9,0.8
1601385745,2020-09-29 13:22:25,,1.0,FHSS,DJI Mavic Pro short,303,active,2440000000.0,ISM 2.4 GHz,1601395765031032.0,1601396246981607.0,110.8,1.0
1601385745,2020-09-29 13:22:25,,0.0,FHSS,,299,active,2440000000.0,ISM 2.4 GHz,1601395362452139.0,1601396246950958.0,110.2,0.3
1601385745,2020-09-29 13:22:25,,0.0,FHSS,,298,active,2440000000.0,ISM 2.4 GHz,1601395362446135.0,1601396246976958.0,110.8,0.9
1601385745,2020-09-29 13:22:25,,1.0,FHSS,DJI Mavic Pro long,302,active,2440000000.0,ISM 2.4 GHz,1601395765097032.0,1601396246917678.0,110.4,0.1
1601385748,2020-09-29 13:22:28,,1.0,,DJI OcuSync,281474977710667,active,2416500000.0,ISM 2.4 GHz,1601395746483730.0,1601396251793055.0,135.0,2.0
1601385750,2020-09-29 13:22:30,,1.0,FHSS,DJI Mavic Pro long,302,active,2440000000.0,ISM 2.4 GHz,1601395765097032.0,1601396252247679.0,,
1601385750,2020-09-29 13:22:30,,1.0,FHSS,DJI Mavic Pro short,303,active,2440000000.0,ISM 2.4 GHz,1601395765031032.0,1601396252271607.0,,
1601385750,2020-09-29 13:22:30,,1.0,FHSS,Hubsan,297,active,2440000000.0,ISM 2.4 GHz,1601395367313144.0,1601396251760959.0,138.7,0.4
1601385752,2020-09-29 13:22:32,,1.0,,DJI OcuSync,281474977710667,active,2416500000.0,ISM 2.4 GHz,1601395746483730.0,1601396256312562.0,142.0,1.0
1601385754,2020-09-29 13:22:34,,1.0,FHSS,Hubsan,297,active,2440000000.0,ISM 2.4 GHz,1601395367313144.0,1601396256280961.0,167.0,0.1
1601385757,2020-09-29 13:22:37,,1.0,,DJI OcuSync,281474977710667,active,2416500000.0,ISM 2.4 GHz,1601395746483730.0,1601396260789569.0,181.0,1.0
1601385759,2020-09-29 13:22:39,,0.0,FHSS,,299,active,2440000000.0,ISM 2.4 GHz,1601395362452139.0,1601396260740964.0,184.2,0.7
1601385759,2020-09-29 13:22:39,,1.0,FHSS,Hubsan,297,active,2440000000.0,ISM 2.4 GHz,1601395367313144.0,1601396260730963.0,184.0,0.3
1601385759,2020-09-29 13:22:39,,1.0,FHSS,DJI Mavic Pro short,303,active,2440000000.0,ISM 2.4 GHz,1601395765031032.0,1601396260711612.0,184.9,0.7
1601385759,2020-09-29 13:22:39,,0.0,FHSS,,298,active,2440000000.0,ISM 2.4 GHz,1601395362446135.0,1601396260736964.0,183.7,0.9
1601385759,2020-09-29 13:22:39,,1.0,FHSS,DJI Mavic Pro long,302,active,2440000000.0,ISM 2.4 GHz,1601395765097032.0,1601396260747684.0,185.0,0.4
1601385762,2020-09-29 13:22:42,,1.0,,DJI OcuSync,281474977710667,active,2416500000.0,ISM 2.4 GHz,1601395746483730.0,1601396265549382.0,181.0,1.0
1601385764,2020-09-29 13:22:44,,1.0,FHSS,DJI Mavic Pro short,303,active,2440000000.0,ISM 2.4 GHz,1601395765031032.0,1601396265491613.0,198.1,0.6
1601385764,2020-09-29 13:22:44,,0.0,FHSS,,298,active,2440000000.0,ISM 2.4 GHz,1601395362446135.0,1601396265496964.0,197.9,1.1
1601385764,2020-09-29 13:22:44,,0.0,FHSS,,299,active,2440000000.0,ISM 2.4 GHz,1601395362452139.0,1601396265470964.0,197.9,0.2
1601385764,2020-09-29 13:22:44,,1.0,FHSS,DJI Mavic Pro long,302,active,2440000000.0,ISM 2.4 GHz,1601395765097032.0,1601396265477685.0,198.4,1.0
1601385764,2020-09-29 13:22:44,,1.0,FHSS,Hubsan,297,active,2440000000.0,ISM 2.4 GHz,1601395367313144.0,1601396265500964.0,198.4,1.0
1601385766,2020-09-29 13:22:46,,1.0,FHSS,"DJI Mavic Mini, MJX R/C Technic",307,active,2440000000.0,ISM 2.4 GHz,1601370481734079.0,1601396267699790.0,161.5,0.0
1601385766,2020-09-29 13:22:46,,0.0,FHSS,Cheerson Leopard 2,258,active,2440000000.0,ISM 2.4 GHz,1601390540422472.0,1601396267717153.0,161.5,0.0
1601385766,2020-09-29 13:22:46,,0.0,FHSS,,281,active,2440000000.0,ISM 2.4 GHz,1601394214783322.0,1601396267561447.0,,
1601385766,2020-09-29 13:22:46,,1.0,,DJI OcuSync,281474977710667,active,2416500000.0,ISM 2.4 GHz,1601395746483730.0,1601396270241254.0,205.0,1.0
1601385766,2020-09-29 13:22:46,,0.0,FHSS,,295,active,2440000000.0,ISM 2.4 GHz,1601394906514075.0,1601396267610607.0,161.5,0.0
1601385767,2020-09-29 13:22:47,,0.0,FHSS,,295,active,2440000000.0,ISM 2.4 GHz,1601394906514075.0,1601396268621666.0,,
1601385767,2020-09-29 13:22:47,,0.0,FHSS,Cheerson Leopard 2,258,active,2440000000.0,ISM 2.4 GHz,1601390540422472.0,1601396268714318.0,,
1601385767,2020-09-29 13:22:47,,1.0,FHSS,"DJI Mavic Mini, MJX R/C Technic",307,active,2440000000.0,ISM 2.4 GHz,1601370481734079.0,1601396268712739.0,,
1601385768,2020-09-29 13:22:48,,1.0,FHSS,DJI Mavic Pro short,303,active,2440000000.0,ISM 2.4 GHz,1601395765031032.0,1601396270221616.0,204.9,1.0
1601385768,2020-09-29 13:22:48,,0.0,FHSS,,298,active,2440000000.0,ISM 2.4 GHz,1601395362446135.0,1601396270206968.0,205.8,1.5
1601385768,2020-09-29 13:22:48,,0.0,FHSS,,299,active,2440000000.0,ISM 2.4 GHz,1601395362452139.0,1601396270210968.0,205.2,1.3
1601385768,2020-09-29 13:22:48,,0.0,FHSS,,301,active,2440000000.0,ISM 2.4 GHz,1601395748658065.0,1601396270186967.0,204.8,1.4
1601385768,2020-09-29 13:22:48,,1.0,FHSS,DJI Mavic Pro long,302,active,2440000000.0,ISM 2.4 GHz,1601395765097032.0,1601396270217687.0,205.7,0.5
1601385768,2020-09-29 13:22:48,,1.0,FHSS,Hubsan,297,active,2440000000.0,ISM 2.4 GHz,1601395367313144.0,1601396270200968.0,204.7,1.4
1601385771,2020-09-29 13:22:51,,1.0,,DJI OcuSync,281474977710667,active,2416500000.0,ISM 2.4 GHz,1601395746483730.0,1601396274892255.0,205.0,1.0
1601385776,2020-09-29 13:22:56,,1.0,FHSS,Hubsan,297,active,2440000000.0,ISM 2.4 GHz,1601395367313144.0,1601396274800970.0,,
1601385776,2020-09-29 13:22:56,,1.0,,DJI OcuSync,281474977710667,active,2416500000.0,ISM 2.4 GHz,1601395746483730.0,1601396280255419.0,211.0,3.0
1601385777,2020-09-29 13:22:57,,1.0,FHSS,DJI Mavic Pro long,302,active,2440000000.0,ISM 2.4 GHz,1601395765097032.0,1601396275630264.0,,
1601385777,2020-09-29 13:22:57,,1.0,FHSS,DJI Mavic Pro short,303,active,2440000000.0,ISM 2.4 GHz,1601395765031032.0,1601396275691619.0,,
1601385778,2020-09-29 13:22:58,,1.0,FHSS,DJI Mavic Pro short,303,active,2440000000.0,ISM 2.4 GHz,1601395765031032.0,1601396280191621.0,214.1,0.8
1601385780,2020-09-29 13:23:00,,1.0,FHSS,Hubsan,297,active,2440000000.0,ISM 2.4 GHz,1601395367313144.0,1601396281920974.0,221.5,3.8
1601385780,2020-09-29 13:23:00,,1.0,FHSS,DJI Mavic Pro short,303,active,2440000000.0,ISM 2.4 GHz,1601395765031032.0,1601396282201622.0,,
1601385780,2020-09-29 13:23:00,,0.0,FHSS,,299,active,2440000000.0,ISM 2.4 GHz,1601395362452139.0,1601396281910973.0,222.6,3.2
1601385780,2020-09-29 13:23:00,,0.0,FHSS,,298,active,2440000000.0,ISM 2.4 GHz,1601395362446135.0,1601396281876973.0,219.4,3.9
1601385781,2020-09-29 13:23:01,,1.0,FHSS,DJI Mavic Pro short,303,active,2440000000.0,ISM 2.4 GHz,1601395765031032.0,1601396283093032.0,211.5,0.0
1601385781,2020-09-29 13:23:01,,1.0,FHSS,"DJI Mavic Mini, MJX R/C Technic",307,active,2440000000.0,ISM 2.4 GHz,1601370481734079.0,1601396283216675.0,53.7,0.0
1601385781,2020-09-29 13:23:01,,1.0,FHSS,DJI Mavic Pro long,302,active,2440000000.0,ISM 2.4 GHz,1601395765097032.0,1601396283119104.0,213.5,2.3
1601385781,2020-09-29 13:23:01,,1.0,FHSS,Hubsan,297,active,2440000000.0,ISM 2.4 GHz,1601395367313144.0,1601396283242384.0,211.9,2.2
1601385781,2020-09-29 13:23:01,,0.0,FHSS,Cheerson Leopard 2,258,active,2440000000.0,ISM 2.4 GHz,1601390540422472.0,1601396283184164.0,54.0,0.6
1601385781,2020-09-29 13:23:01,,0.0,FHSS,,298,active,2440000000.0,ISM 2.4 GHz,1601395362446135.0,1601396283248384.0,,
1601385781,2020-09-29 13:23:01,,0.0,FHSS,,301,active,2440000000.0,ISM 2.4 GHz,1601395748658065.0,1601396283188384.0,212.6,2.1
1601385781,2020-09-29 13:23:01,,0.0,FHSS,,299,active,2440000000.0,ISM 2.4 GHz,1601395362452139.0,1601396283252385.0,213.4,1.7
1601385781,2020-09-29 13:23:01,,1.0,,DJI OcuSync,281474977710667,active,2416500000.0,ISM 2.4 GHz,1601395746483730.0,1601396284764012.0,216.0,2.0
1601385781,2020-09-29 13:23:01,,0.0,FHSS,,309,active,2440000000.0,ISM 2.4 GHz,1601395891057011.0,1601396283049100.0,209.6,0.0
1601385782,2020-09-29 13:23:02,,0.0,FHSS,Cheerson Leopard 2,258,active,2440000000.0,ISM 2.4 GHz,1601390540422472.0,1601396284196365.0,,
1601385783,2020-09-29 13:23:03,,1.0,FHSS,"DJI Mavic Mini, MJX R/C Technic",307,active,2440000000.0,ISM 2.4 GHz,1601370481734079.0,1601396284129653.0,152.5,0.0
1601385783,2020-09-29 13:23:03,,1.0,FHSS,DJI Mavic Pro short,303,active,2440000000.0,ISM 2.4 GHz,1601395765031032.0,1601396284651624.0,215.8,2.2
1601385783,2020-09-29 13:23:03,,1.0,FHSS,DJI Mavic Pro short,303,active,2440000000.0,ISM 2.4 GHz,1601395765031032.0,1601396284183153.0,217.8,3.2
1601385783,2020-09-29 13:23:03,,1.0,FHSS,DJI Mavic Pro long,302,active,2440000000.0,ISM 2.4 GHz,1601395765097032.0,1601396284647695.0,215.9,2.2
1601385783,2020-09-29 13:23:03,,0.0,FHSS,,311,active,2440000000.0,ISM 2.4 GHz,1601396150358921.0,1601396284242504.0,215.5,2.7
1601385783,2020-09-29 13:23:03,,1.0,FHSS,Hubsan,297,active,2440000000.0,ISM 2.4 GHz,1601395367313144.0,1601396284222504.0,215.8,2.5
1601385783,2020-09-29 13:23:03,,0.0,FHSS,,301,active,2440000000.0,ISM 2.4 GHz,1601395748658065.0,1601396283828504.0,218.6,3.4
1601385783,2020-09-29 13:23:03,,0.0,FHSS,,299,active,2440000000.0,ISM 2.4 GHz,1601395362452139.0,1601396284660975.0,215.2,0.4
1601385783,2020-09-29 13:23:03,,0.0,FHSS,,299,active,2440000000.0,ISM 2.4 GHz,1601395362452139.0,1601396284252505.0,216.3,3.4
1601385783,2020-09-29 13:23:03,,0.0,FHSS,,298,active,2440000000.0,ISM 2.4 GHz,1601395362446135.0,1601396284666974.0,214.8,1.2
1601385783,2020-09-29 13:23:03,,0.0,FHSS,,298,active,2440000000.0,ISM 2.4 GHz,1601395362446135.0,1601396284248503.0,216.1,3.3
1601385783,2020-09-29 13:23:03,,0.0,FHSS,,309,active,2440000000.0,ISM 2.4 GHz,1601395891057011.0,1601396284152724.0,152.5,0.0
1601385786,2020-09-29 13:23:06,,1.0,,DJI OcuSync,281474977710667,active,2416500000.0,ISM 2.4 GHz,1601395746483730.0,1601396289573714.0,216.0,2.0
1601385787,2020-09-29 13:23:07,,1.0,FHSS,DJI Mavic Pro short,303,active,2440000000.0,ISM 2.4 GHz,1601395765031032.0,1601396289561625.0,,
1601385788,2020-09-29 13:23:08,,1.0,FHSS,DJI Mavic Pro long,302,active,2440000000.0,ISM 2.4 GHz,1601395765097032.0,1601396289557697.0,,
1601385790,2020-09-29 13:23:10,,1.0,,DJI OcuSync,281474977710667,active,2416500000.0,ISM 2.4 GHz,1601395746483730.0,1601396294220960.0,218.0,5.0
1601385790,2020-09-29 13:23:10,,0.0,FHSS,,298,active,2440000000.0,ISM 2.4 GHz,1601395362446135.0,1601396291656977.0,219.5,4.3
1601385790,2020-09-29 13:23:10,,0.0,FHSS,,299,active,2440000000.0,ISM 2.4 GHz,1601395362452139.0,1601396291660978.0,218.7,3.2
1601385790,2020-09-29 13:23:10,,1.0,FHSS,DJI Mavic Pro long,302,active,2440000000.0,ISM 2.4 GHz,1601395765097032.0,1601396291227697.0,218.2,3.2
1601385790,2020-09-29 13:23:10,,1.0,FHSS,DJI Mavic Pro short,303,active,2440000000.0,ISM 2.4 GHz,1601395765031032.0,1601396291231626.0,218.5,2.4
1601385790,2020-09-29 13:23:10,,1.0,FHSS,Hubsan,297,active,2440000000.0,ISM 2.4 GHz,1601395367313144.0,1601396291640977.0,218.5,3.1
1601385791,2020-09-29 13:23:11,,0.0,FHSS,,299,active,2440000000.0,ISM 2.4 GHz,1601395362452139.0,1601396292638438.0,217.7,3.2
1601385791,2020-09-29 13:23:11,,0.0,FHSS,,301,active,2440000000.0,ISM 2.4 GHz,1601395748658065.0,1601396292034438.0,216.5,1.4
1601385791,2020-09-29 13:23:11,,0.0,FHSS,,281,active,2440000000.0,ISM 2.4 GHz,1601394214783322.0,1601396292246159.0,217.0,0.2
1601385791,2020-09-29 13:23:11,,0.0,FHSS,,298,active,2440000000.0,ISM 2.4 GHz,1601395362446135.0,1601396292664439.0,217.3,3.2
1601385792,2020-09-29 13:23:12,,0.0,FHSS,,298,active,2440000000.0,ISM 2.4 GHz,1601395362446135.0,1601396293664518.0,220.1,5.9
1601385792,2020-09-29 13:23:12,,0.0,FHSS,,298,active,2440000000.0,ISM 2.4 GHz,1601395362446135.0,1601396294186978.0,218.5,0.0
1601385792,2020-09-29 13:23:12,,0.0,FHSS,,299,active,2440000000.0,ISM 2.4 GHz,1601395362452139.0,1601396293668517.0,219.5,3.8
1601385792,2020-09-29 13:23:12,,0.0,FHSS,,301,active,2440000000.0,ISM 2.4 GHz,1601395748658065.0,1601396293674519.0,219.8,3.7
1601385792,2020-09-29 13:23:12,,0.0,FHSS,,311,active,2440000000.0,ISM 2.4 GHz,1601396150358921.0,1601396293448519.0,,
1601385792,2020-09-29 13:23:12,,1.0,FHSS,DJI Mavic Pro long,302,active,2440000000.0,ISM 2.4 GHz,1601395765097032.0,1601396294177699.0,215.6,1.1
1601385792,2020-09-29 13:23:12,,1.0,FHSS,Hubsan,297,active,2440000000.0,ISM 2.4 GHz,1601395367313144.0,1601396293781999.0,,
1601385792,2020-09-29 13:23:12,,1.0,FHSS,Hubsan,297,active,2440000000.0,ISM 2.4 GHz,1601395367313144.0,1601396294180979.0,218.7,0.2
1601385795,2020-09-29 13:23:15,,1.0,,DJI OcuSync,281474977710667,active,2416500000.0,ISM 2.4 GHz,1601395746483730.0,1601396298866975.0,218.0,5.0
1601385797,2020-09-29 13:23:17,,1.0,FHSS,DJI Mavic Pro short,303,active,2440000000.0,ISM 2.4 GHz,1601395765031032.0,1601396298861630.0,,
1601385797,2020-09-29 13:23:17,,1.0,FHSS,Hubsan,297,active,2440000000.0,ISM 2.4 GHz,1601395367313144.0,1601396299310982.0,,
1601385797,2020-09-29 13:23:17,,0.0,FHSS,,281,active,2440000000.0,ISM 2.4 GHz,1601394214783322.0,1601396299428102.0,,
1601385797,2020-09-29 13:23:17,,1.0,FHSS,DJI Mavic Pro long,302,active,2440000000.0,ISM 2.4 GHz,1601395765097032.0,1601396299517702.0,,
1601385799,2020-09-29 13:23:19,,1.0,,DJI OcuSync,281474977710667,active,2416500000.0,ISM 2.4 GHz,1601395746483730.0,1601396303105583.0,152.0,3.0
1601385800,2020-09-29 13:23:20,,0.0,FHSS,,298,active,2440000000.0,ISM 2.4 GHz,1601395362446135.0,1601396302580507.0,150.9,1.4
1601385802,2020-09-29 13:23:22,,0.0,FHSS,,309,active,2440000000.0,ISM 2.4 GHz,1601395891057011.0,1601396303832874.0,,
1601385802,2020-09-29 13:23:22,,1.0,FHSS,"DJI Mavic Mini, MJX R/C Technic",307,active,2440000000.0,ISM 2.4 GHz,1601370481734079.0,1601396303825620.0,,
1601385804,2020-09-29 13:23:24,,1.0,,DJI OcuSync,281474977710667,active,2416500000.0,ISM 2.4 GHz,1601395746483730.0,1601396307791094.0,219.0,6.0
1601385809,2020-09-29 13:23:29,,1.0,,DJI OcuSync,281474977710667,active,2416500000.0,ISM 2.4 GHz,1601395746483730.0,1601396313090000.0,219.0,6.0
1601385811,2020-09-29 13:23:31,,0.0,FHSS,,298,active,2440000000.0,ISM 2.4 GHz,1601395362446135.0,1601396313026981.0,,
1601385813,2020-09-29 13:23:33,,1.0,FHSS,DJI Mavic Pro long,302,active,2440000000.0,ISM 2.4 GHz,1601395765097032.0,1601396315067709.0,225.6,4.4
1601385813,2020-09-29 13:23:33,,1.0,FHSS,DJI Mavic Pro short,303,active,2440000000.0,ISM 2.4 GHz,1601395765031032.0,1601396315101637.0,227.3,0.6
1601385814,2020-09-29 13:23:34,,1.0,FHSS,DJI Mavic Pro short,303,active,2440000000.0,ISM 2.4 GHz,1601395765031032.0,1601396316055267.0,218.4,5.6
1601385814,2020-09-29 13:23:34,,1.0,FHSS,DJI Mavic Pro long,302,active,2440000000.0,ISM 2.4 GHz,1601395765097032.0,1601396316051339.0,,
1601385814,2020-09-29 13:23:34,,1.0,,DJI OcuSync,281474977710667,active,2416500000.0,ISM 2.4 GHz,1601395746483730.0,1601396317635771.0,223.0,5.0
1601385815,2020-09-29 13:23:35,,1.0,FHSS,"DJI Mavic Mini, MJX R/C Technic",307,active,2440000000.0,ISM 2.4 GHz,1601370481734079.0,1601396317080884.0,53.9,3.5
1601385815,2020-09-29 13:23:35,,1.0,FHSS,DJI Mavic Pro long,302,active,2440000000.0,ISM 2.4 GHz,1601395765097032.0,1601396317030069.0,221.8,0.8
1601385815,2020-09-29 13:23:35,,1.0,FHSS,DJI Mavic Pro long,302,active,2440000000.0,ISM 2.4 GHz,1601395765097032.0,1601396317627710.0,,
1601385815,2020-09-29 13:23:35,,1.0,FHSS,DJI Mavic Pro short,303,active,2440000000.0,ISM 2.4 GHz,1601395765031032.0,1601396317033997.0,,
1601385815,2020-09-29 13:23:35,,1.0,FHSS,TT Robotix Ghost,312,active,2440000000.0,ISM 2.4 GHz,1601396314175838.0,1601396317119347.0,224.3,1.9
1601385815,2020-09-29 13:23:35,,1.0,FHSS,TT Robotix Ghost,312,active,2440000000.0,ISM 2.4 GHz,1601396314175838.0,1601396317320839.0,,
1601385818,2020-09-29 13:23:38,,1.0,,DJI OcuSync,281474977710667,active,2416500000.0,ISM 2.4 GHz,1601395746483730.0,1601396322262608.0,223.0,5.0
1601385820,2020-09-29 13:23:40,,1.0,FHSS,"DJI Mavic Mini, MJX R/C Technic",307,active,2440000000.0,ISM 2.4 GHz,1601370481734079.0,1601396322667971.0,,
1601385822,2020-09-29 13:23:42,,1.0,FHSS,"DJI Mavic Mini, MJX R/C Technic",307,active,2440000000.0,ISM 2.4 GHz,1601370481734079.0,1601396324068600.0,58.0,0.0
1601385822,2020-09-29 13:23:42,,1.0,FHSS,DJI Mavic Pro short,303,active,2440000000.0,ISM 2.4 GHz,1601395765031032.0,1601396324021642.0,149.1,3.7
1601385822,2020-09-29 13:23:42,,0.0,FHSS,Cheerson Leopard 2,258,active,2440000000.0,ISM 2.4 GHz,1601390540422472.0,1601396324023205.0,58.0,0.0
1601385822,2020-09-29 13:23:42,,0.0,FHSS,,311,active,2440000000.0,ISM 2.4 GHz,1601396150358921.0,1601396323960990.0,151.7,0.0
1601385822,2020-09-29 13:23:42,,0.0,FHSS,,301,active,2440000000.0,ISM 2.4 GHz,1601395748658065.0,1601396323906990.0,151.7,0.0
1601385822,2020-09-29 13:23:42,,0.0,FHSS,,299,active,2440000000.0,ISM 2.4 GHz,1601395362452139.0,1601396323980988.0,151.6,0.1
1601385823,2020-09-29 13:23:43,,0.0,FHSS,,281,active,2440000000.0,ISM 2.4 GHz,1601394214783322.0,1601396324988270.0,57.7,0.0
1601385823,2020-09-29 13:23:43,,0.0,FHSS,,295,active,2440000000.0,ISM 2.4 GHz,1601394906514075.0,1601396324858973.0,35.8,15.0
1601385823,2020-09-29 13:23:43,,0.0,FHSS,,299,active,2440000000.0,ISM 2.4 GHz,1601395362452139.0,1601396324574854.0,,
1601385823,2020-09-29 13:23:43,,0.0,FHSS,,311,active,2440000000.0,ISM 2.4 GHz,1601396150358921.0,1601396324975904.0,47.7,0.0
1601385823,2020-09-29 13:23:43,,0.0,FHSS,Cheerson Leopard 2,258,active,2440000000.0,ISM 2.4 GHz,1601390540422472.0,1601396325065113.0,48.9,0.0
1601385823,2020-09-29 13:23:43,,1.0,FHSS,"DJI Mavic Mini, MJX R/C Technic",307,active,2440000000.0,ISM 2.4 GHz,1601370481734079.0,1601396325071458.0,331.0,0.0
1601385823,2020-09-29 13:23:43,,1.0,FHSS,DJI Mavic Pro short,303,active,2440000000.0,ISM 2.4 GHz,1601395765031032.0,1601396325005502.0,,
1601385824,2020-09-29 13:23:44,,0.0,FHSS,Cheerson Leopard 2,258,active,2440000000.0,ISM 2.4 GHz,1601390540422472.0,1601396326030202.0,,
1601385825,2020-09-29 13:23:45,,1.0,FHSS,"DJI Mavic Mini, MJX R/C Technic",307,active,2440000000.0,ISM 2.4 GHz,1601370481734079.0,1601396327412918.0,143.7,0.0
1601385828,2020-09-29 13:23:48,,1.0,,DJI OcuSync,281474977710667,active,2416500000.0,ISM 2.4 GHz,1601395746483730.0,1601396331312463.0,49.0,15.0
1601385829,2020-09-29 13:23:49,,1.0,FHSS,"DJI Mavic Mini, MJX R/C Technic",307,active,2440000000.0,ISM 2.4 GHz,1601370481734079.0,1601396331163001.0,,
1601385831,2020-09-29 13:23:51,,0.0,FHSS,,281,active,2440000000.0,ISM 2.4 GHz,1601394214783322.0,1601396333320211.0,63.6,15.0
1601385831,2020-09-29 13:23:51,,0.0,FHSS,,311,active,2440000000.0,ISM 2.4 GHz,1601396150358921.0,1601396333266477.0,57.4,0.7
1601385831,2020-09-29 13:23:51,,1.0,FHSS,"DJI Mavic Mini, MJX R/C Technic",307,active,2440000000.0,ISM 2.4 GHz,1601370481734079.0,1601396333002802.0,55.6,3.6
1601385832,2020-09-29 13:23:52,,1.0,,DJI OcuSync,281474977710667,active,2416500000.0,ISM 2.4 GHz,1601395746483730.0,1601396335857456.0,59.0,3.0
1601385833,2020-09-29 13:23:53,,0.0,FHSS,,295,active,2440000000.0,ISM 2.4 GHz,1601394906514075.0,1601396334299714.0,65.8,2.0
1601385833,2020-09-29 13:23:53,,0.0,FHSS,,311,active,2440000000.0,ISM 2.4 GHz,1601396150358921.0,1601396334292603.0,,
1601385833,2020-09-29 13:23:53,,1.0,FHSS,"DJI Mavic Mini, MJX R/C Technic",307,active,2440000000.0,ISM 2.4 GHz,1601370481734079.0,1601396334245564.0,65.9,0.9
1601385833,2020-09-29 13:23:53,,1.0,FHSS,"DJI Mavic Mini, MJX R/C Technic",307,active,2440000000.0,ISM 2.4 GHz,1601370481734079.0,1601396335156431.0,,
1601385837,2020-09-29 13:23:57,,1.0,,DJI OcuSync,281474977710667,active,2416500000.0,ISM 2.4 GHz,1601395746483730.0,1601396340493391.0,59.0,3.0
1601385842,2020-09-29 13:24:02,,1.0,,DJI OcuSync,281474977710667,active,2416500000.0,ISM 2.4 GHz,1601395746483730.0,1601396345726343.0,59.0,3.0
1601385846,2020-09-29 13:24:06,,1.0,,DJI OcuSync,281474977710667,active,2415500000.0,ISM 2.4 GHz,1601395746483730.0,1601396349884399.0,224.0,5.0
1601385846,2020-09-29 13:24:06,,0.0,FHSS,,281,active,2440000000.0,ISM 2.4 GHz,1601394214783322.0,1601396347291369.0,,
1601385847,2020-09-29 13:24:07,,1.0,FHSS,DJI Mavic Pro short,303,active,2440000000.0,ISM 2.4 GHz,1601395765031032.0,1601396348391903.0,59.0,0.6
1601385847,2020-09-29 13:24:07,,1.0,FHSS,DJI Mavic Pro long,302,active,2440000000.0,ISM 2.4 GHz,1601395765097032.0,1601396349168665.0,58.4,0.4
1601385847,2020-09-29 13:24:07,,1.0,FHSS,"DJI Mavic Mini, MJX R/C Technic",307,active,2440000000.0,ISM 2.4 GHz,1601370481734079.0,1601396349205746.0,,
1601385847,2020-09-29 13:24:07,,1.0,FHSS,"DJI Mavic Mini, MJX R/C Technic",307,active,2440000000.0,ISM 2.4 GHz,1601370481734079.0,1601396348355338.0,57.5,1.1
1601385847,2020-09-29 13:24:07,,1.0,FHSS,DJI Mavic Pro short,303,active,2440000000.0,ISM 2.4 GHz,1601395765031032.0,1601396349272594.0,,
1601385847,2020-09-29 13:24:07,,0.0,FHSS,,311,active,2440000000.0,ISM 2.4 GHz,1601396150358921.0,1601396349241868.0,,
1601385847,2020-09-29 13:24:07,,0.0,FHSS,,311,active,2440000000.0,ISM 2.4 GHz,1601396150358921.0,1601396348320014.0,57.0,0.8
1601385847,2020-09-29 13:24:07,,0.0,FHSS,,281,active,2440000000.0,ISM 2.4 GHz,1601394214783322.0,1601396349168665.0,,
1601385847,2020-09-29 13:24:07,,0.0,FHSS,,281,active,2440000000.0,ISM 2.4 GHz,1601394214783322.0,1601396348373163.0,56.6,0.3
1601385847,2020-09-29 13:24:07,,0.0,FHSS,,313,active,2440000000.0,ISM 2.4 GHz,1601394157754504.0,1601396348878166.0,,
1601385851,2020-09-29 13:24:11,,1.0,,DJI OcuSync,281474977710667,active,2415500000.0,ISM 2.4 GHz,1601395746483730.0,1601396354857968.0,146.0,15.0
1601385855,2020-09-29 13:24:15,,0.0,FHSS,,311,active,2440000000.0,ISM 2.4 GHz,1601396150358921.0,1601396356920955.0,55.9,0.0
1601385855,2020-09-29 13:24:15,,1.0,FHSS,DJI Mavic Pro long,302,active,2440000000.0,ISM 2.4 GHz,1601395765097032.0,1601396356937728.0,,
1601385856,2020-09-29 13:24:16,,1.0,,DJI OcuSync,281474977710667,active,2415500000.0,ISM 2.4 GHz,1601395746483730.0,1601396359463933.0,134.0,1.0
1601385856,2020-09-29 13:24:16,,0.0,FHSS,,295,active,2440000000.0,ISM 2.4 GHz,1601394906514075.0,1601396357852843.0,,
1601385856,2020-09-29 13:24:16,,0.0,FHSS,,311,active,2440000000.0,ISM 2.4 GHz,1601396150358921.0,1601396357883459.0,77.0,0.0
1601385864,2020-09-29 13:24:24,,0.0,FHSS,,311,active,2440000000.0,ISM 2.4 GHz,1601396150358921.0,1601396365973160.0,,
1601385866,2020-09-29 13:24:26,,0.0,FHSS,,309,active,2440000000.0,ISM 2.4 GHz,1601395891057011.0,1601396368035783.0,79.9,1.4
1601385866,2020-09-29 13:24:26,,0.0,FHSS,,311,active,2440000000.0,ISM 2.4 GHz,1601396150358921.0,1601396368021183.0,81.6,0.0
1601385867,2020-09-29 13:24:27,,1.0,FHSS,DJI Mavic Pro long,302,active,2440000000.0,ISM 2.4 GHz,1601395765097032.0,1601396368617733.0,57.8,2.5
1601385874,2020-09-29 13:24:34,,1.0,FHSS,DJI Mavic Pro short,303,active,2440000000.0,ISM 2.4 GHz,1601395765031032.0,1601396373401664.0,,
1601385874,2020-09-29 13:24:34,,1.0,FHSS,DJI Mavic Pro short,303,active,2440000000.0,ISM 2.4 GHz,1601395765031032.0,1601396372941664.0,56.5,1.7
1601385874,2020-09-29 13:24:34,,1.0,FHSS,DJI Mavic Pro long,302,active,2440000000.0,ISM 2.4 GHz,1601395765097032.0,1601396373407737.0,,
1601385875,2020-09-29 13:24:35,,1.0,,DJI OcuSync,281474977710667,active,2466500000.0,ISM 2.4 GHz,1601395746483730.0,1601396378343429.0,73.0,6.0
1601385878,2020-09-29 13:24:38,,1.0,,DJI OcuSync,281474977710667,active,2466500000.0,ISM 2.4 GHz,1601395746483730.0,1601396382093409.0,73.0,6.0
1601385878,2020-09-29 13:24:38,,0.0,FHSS,,311,active,2440000000.0,ISM 2.4 GHz,1601396150358921.0,1601396380616540.0,,
1601385883,2020-09-29 13:24:43,,1.0,,DJI OcuSync,281474977710667,active,2466500000.0,ISM 2.4 GHz,1601395746483730.0,1601396386743389.0,73.0,6.0
1601385885,2020-09-29 13:24:45,,0.0,FHSS,,309,active,2440000000.0,ISM 2.4 GHz,1601395891057011.0,1601396386738028.0,,
1601385887,2020-09-29 13:24:47,,0.0,FHSS,,311,active,2440000000.0,ISM 2.4 GHz,1601396150358921.0,1601396388808640.0,80.1,0.0
1601385888,2020-09-29 13:24:48,,1.0,,DJI OcuSync,281474977710667,active,2466500000.0,ISM 2.4 GHz,1601395746483730.0,1601396391381805.0,342.0,1.0
1601385888,2020-09-29 13:24:48,,0.0,FHSS,,311,active,2440000000.0,ISM 2.4 GHz,1601396150358921.0,1601396389730251.0,,
1601385892,2020-09-29 13:24:52,,1.0,,DJI OcuSync,281474977710667,active,2466500000.0,ISM 2.4 GHz,1601395746483730.0,1601396396079118.0,342.0,1.0
1601385897,2020-09-29 13:24:57,,1.0,,DJI OcuSync,281474977710667,active,2466500000.0,ISM 2.4 GHz,1601395746483730.0,1601396400641493.0,55.0,1.0
1601385898,2020-09-29 13:24:58,,1.0,,DJI OcuSync,281474977710667,active,2466500000.0,ISM 2.4 GHz,1601395746483730.0,1601396401726493.0,55.0,1.0
1601385900,2020-09-29 13:25:00,,1.0,FHSS,Hubsan,297,active,2440000000.0,ISM 2.4 GHz,1601395367313144.0,1601396400841028.0,228.0,0.0
1601385902,2020-09-29 13:25:02,,1.0,,DJI OcuSync,281474977710667,active,2466500000.0,ISM 2.4 GHz,1601395746483730.0,1601396405936104.0,223.0,4.0
1601385907,2020-09-29 13:25:07,,1.0,,DJI OcuSync,281474977710667,active,2466500000.0,ISM 2.4 GHz,1601395746483730.0,1601396411167428.0,223.0,4.0
1601385908,2020-09-29 13:25:08,,0.0,FHSS,,298,active,2440000000.0,ISM 2.4 GHz,1601395362446135.0,1601396405977029.0,225.6,1.1
1601385908,2020-09-29 13:25:08,,0.0,FHSS,,299,active,2440000000.0,ISM 2.4 GHz,1601395362452139.0,1601396405871030.0,224.7,0.6
1601385908,2020-09-29 13:25:08,,1.0,FHSS,Hubsan,297,active,2440000000.0,ISM 2.4 GHz,1601395367313144.0,1601396405971030.0,224.9,1.0
1601385909,2020-09-29 13:25:09,,1.0,FHSS,DJI Mavic Pro long,302,active,2440000000.0,ISM 2.4 GHz,1601395765097032.0,1601396411117752.0,226.6,2.2
1601385909,2020-09-29 13:25:09,,1.0,FHSS,DJI Mavic Pro short,303,active,2440000000.0,ISM 2.4 GHz,1601395765031032.0,1601396411151680.0,224.8,0.9
1601385909,2020-09-29 13:25:09,,0.0,FHSS,,298,active,2440000000.0,ISM 2.4 GHz,1601395362446135.0,1601396411157031.0,224.4,0.0
1601385909,2020-09-29 13:25:09,,0.0,FHSS,,301,active,2440000000.0,ISM 2.4 GHz,1601395748658065.0,1601396411137031.0,224.4,0.0
1601385912,2020-09-29 13:25:12,,1.0,FHSS,Hubsan,297,active,2440000000.0,ISM 2.4 GHz,1601395367313144.0,1601396414062604.0,219.4,0.0
1601385912,2020-09-29 13:25:12,,1.0,FHSS,Hubsan,297,active,2440000000.0,ISM 2.4 GHz,1601395367313144.0,1601396413241032.0,221.3,1.7
1601385912,2020-09-29 13:25:12,,1.0,FHSS,"DJI Mavic Mini, MJX R/C Technic",307,active,2440000000.0,ISM 2.4 GHz,1601370481734079.0,1601396414233706.0,323.9,0.0
1601385912,2020-09-29 13:25:12,,0.0,FHSS,Cheerson Leopard 2,258,active,2440000000.0,ISM 2.4 GHz,1601390540422472.0,1601396414235462.0,323.9,0.0
1601385912,2020-09-29 13:25:12,,0.0,FHSS,,313,active,2440000000.0,ISM 2.4 GHz,1601394157754504.0,1601396414238671.0,323.9,0.0
1601385912,2020-09-29 13:25:12,,0.0,FHSS,,301,active,2440000000.0,ISM 2.4 GHz,1601395748658065.0,1601396412867032.0,223.2,2.2
1601385912,2020-09-29 13:25:12,,0.0,FHSS,Cheerson Leopard 2,258,active,2440000000.0,ISM 2.4 GHz,1601390540422472.0,1601396413223616.0,56.5,0.9
1601385912,2020-09-29 13:25:12,,0.0,FHSS,,299,active,2440000000.0,ISM 2.4 GHz,1601395362452139.0,1601396413231023.0,222.5,2.1
1601385912,2020-09-29 13:25:12,,0.0,FHSS,,298,active,2440000000.0,ISM 2.4 GHz,1601395362446135.0,1601396414118603.0,,
1601385912,2020-09-29 13:25:12,,0.0,FHSS,,298,active,2440000000.0,ISM 2.4 GHz,1601395362446135.0,1601396413237033.0,219.4,0.7
1601385912,2020-09-29 13:25:12,,0.0,FHSS,,281,active,2440000000.0,ISM 2.4 GHz,1601394214783322.0,1601396414202326.0,221.3,0.0
1601385912,2020-09-29 13:25:12,,0.0,FHSS,,281,active,2440000000.0,ISM 2.4 GHz,1601394214783322.0,1601396413192031.0,20.8,15.0
1601385912,2020-09-29 13:25:12,,1.0,,DJI OcuSync,281474977710667,active,2466500000.0,ISM 2.4 GHz,1601395746483730.0,1601396415713245.0,220.0,15.0
1601385912,2020-09-29 13:25:12,,0.0,FHSS,,299,active,2440000000.0,ISM 2.4 GHz,1601395362452139.0,1601396414212603.0,219.4,0.0
1601385913,2020-09-29 13:25:13,,0.0,FHSS,,281,active,2440000000.0,ISM 2.4 GHz,1601394214783322.0,1601396415227214.0,,
1601385913,2020-09-29 13:25:13,,0.0,FHSS,,313,active,2440000000.0,ISM 2.4 GHz,1601394157754504.0,1601396415094319.0,,
1601385913,2020-09-29 13:25:13,,0.0,FHSS,Cheerson Leopard 2,258,active,2440000000.0,ISM 2.4 GHz,1601390540422472.0,1601396415237238.0,,
1601385913,2020-09-29 13:25:13,,1.0,FHSS,"DJI Mavic Mini, MJX R/C Technic",307,active,2440000000.0,ISM 2.4 GHz,1601370481734079.0,1601396415194680.0,,
1601385913,2020-09-29 13:25:13,,1.0,FHSS,DJI Mavic Pro long,302,active,2440000000.0,ISM 2.4 GHz,1601395765097032.0,1601396415371013.0,,
1601385914,2020-09-29 13:25:14,,1.0,FHSS,DJI Mavic Pro short,303,active,2440000000.0,ISM 2.4 GHz,1601395765031032.0,1601396415691683.0,,
1601385917,2020-09-29 13:25:17,,1.0,,DJI OcuSync,281474977710667,active,2466500000.0,ISM 2.4 GHz,1601395746483730.0,1601396420389076.0,220.0,15.0
1601385918,2020-09-29 13:25:18,,1.0,FHSS,Hubsan,297,active,2440000000.0,ISM 2.4 GHz,1601395367313144.0,1601396420261036.0,225.4,0.0
1601385920,2020-09-29 13:25:20,,1.0,FHSS,"DJI Mavic Mini, MJX R/C Technic",307,active,2440000000.0,ISM 2.4 GHz,1601370481734079.0,1601396422375291.0,55.8,0.0
1601385920,2020-09-29 13:25:20,,0.0,FHSS,,309,active,2440000000.0,ISM 2.4 GHz,1601395891057011.0,1601396422413793.0,55.8,0.0
1601385921,2020-09-29 13:25:21,,1.0,,DJI OcuSync,281474977710667,active,2466500000.0,ISM 2.4 GHz,1601395746483730.0,1601396424885744.0,222.0,3.0
1601385922,2020-09-29 13:25:22,,0.0,FHSS,,281,active,2440000000.0,ISM 2.4 GHz,1601394214783322.0,1601396423386715.0,65.9,15.0
1601385922,2020-09-29 13:25:22,,0.0,FHSS,,309,active,2440000000.0,ISM 2.4 GHz,1601395891057011.0,1601396423143628.0,,
1601385922,2020-09-29 13:25:22,,0.0,FHSS,Cheerson Leopard 2,258,active,2440000000.0,ISM 2.4 GHz,1601390540422472.0,1601396423349826.0,57.3,1.5
1601385922,2020-09-29 13:25:22,,1.0,FHSS,"DJI Mavic Mini, MJX R/C Technic",307,active,2440000000.0,ISM 2.4 GHz,1601370481734079.0,1601396423424067.0,57.4,1.5
1601385923,2020-09-29 13:25:23,,0.0,FHSS,Cheerson Leopard 2,258,active,2440000000.0,ISM 2.4 GHz,1601390540422472.0,1601396424503074.0,,
1601385923,2020-09-29 13:25:23,,0.0,FHSS,,281,active,2440000000.0,ISM 2.4 GHz,1601394214783322.0,1601396425474967.0,,
1601385923,2020-09-29 13:25:23,,0.0,FHSS,,295,active,2440000000.0,ISM 2.4 GHz,1601394906514075.0,1601396425435145.0,60.4,0.0
1601385923,2020-09-29 13:25:23,,1.0,FHSS,"DJI Mavic Mini, MJX R/C Technic",307,active,2440000000.0,ISM 2.4 GHz,1601370481734079.0,1601396424514445.0,,
1601385923,2020-09-29 13:25:23,,1.0,FHSS,Hubsan,297,active,2440000000.0,ISM 2.4 GHz,1601395367313144.0,1601396424841037.0,221.7,0.6
1601385926,2020-09-29 13:25:26,,1.0,,DJI OcuSync,281474977710667,active,2466500000.0,ISM 2.4 GHz,1601395746483730.0,1601396429359215.0,223.0,2.0
1601385930,2020-09-29 13:25:30,,1.0,,DJI OcuSync,281474977710667,active,2466500000.0,ISM 2.4 GHz,1601395746483730.0,1601396434020491.0,220.0,2.0
1601385932,2020-09-29 13:25:32,,0.0,FHSS,,298,active,2440000000.0,ISM 2.4 GHz,1601395362446135.0,1601396434007042.0,220.2,0.9
1601385932,2020-09-29 13:25:32,,1.0,FHSS,Hubsan,297,active,2440000000.0,ISM 2.4 GHz,1601395367313144.0,1601396434011041.0,220.0,0.7
1601385935,2020-09-29 13:25:35,,1.0,,DJI OcuSync,281474977710667,active,2466500000.0,ISM 2.4 GHz,1601395746483730.0,1601396438670639.0,220.0,2.0
1601385940,2020-09-29 13:25:40,,1.0,FHSS,DJI Mavic Pro short,303,active,2440000000.0,ISM 2.4 GHz,1601395765031032.0,1601396438631690.0,219.1,1.0
1601385940,2020-09-29 13:25:40,,1.0,FHSS,DJI Mavic Pro long,302,active,2440000000.0,ISM 2.4 GHz,1601395765097032.0,1601396438637762.0,218.8,0.9
1601385940,2020-09-29 13:25:40,,1.0,FHSS,Hubsan,297,active,2440000000.0,ISM 2.4 GHz,1601395367313144.0,1601396438681042.0,219.0,0.8
1601385940,2020-09-29 13:25:40,,0.0,FHSS,,298,active,2440000000.0,ISM 2.4 GHz,1601395362446135.0,1601396438677042.0,219.1,1.2
1601385940,2020-09-29 13:25:40,,1.0,,DJI OcuSync,281474977710667,active,2466500000.0,ISM 2.4 GHz,1601395746483730.0,1601396443702644.0,220.0,2.0
1601385940,2020-09-29 13:25:40,,0.0,FHSS,,301,active,2440000000.0,ISM 2.4 GHz,1601395748658065.0,1601396438587042.0,218.5,1.0
1601385942,2020-09-29 13:25:42,,1.0,FHSS,Hubsan,297,active,2440000000.0,ISM 2.4 GHz,1601395367313144.0,1601396443691044.0,215.6,0.6
1601385942,2020-09-29 13:25:42,,1.0,FHSS,DJI Mavic Pro short,303,active,2440000000.0,ISM 2.4 GHz,1601395765031032.0,1601396444021693.0,,
1601385942,2020-09-29 13:25:42,,1.0,FHSS,"DJI Mavic Mini, MJX R/C Technic",307,active,2440000000.0,ISM 2.4 GHz,1601370481734079.0,1601396444053226.0,47.5,0.9
1601385942,2020-09-29 13:25:42,,1.0,FHSS,"DJI Mavic Mini, MJX R/C Technic",307,active,2440000000.0,ISM 2.4 GHz,1601370481734079.0,1601396444355508.0,152.4,0.1
1601385944,2020-09-29 13:25:44,,1.0,,DJI OcuSync,281474977710667,active,2466500000.0,ISM 2.4 GHz,1601395746483730.0,1601396448331196.0,213.0,3.0
1601385946,2020-09-29 13:25:46,,1.0,FHSS,Hubsan,297,active,2440000000.0,ISM 2.4 GHz,1601395367313144.0,1601396448281047.0,211.5,0.3
1601385947,2020-09-29 13:25:47,,1.0,FHSS,"DJI Mavic Mini, MJX R/C Technic",307,active,2440000000.0,ISM 2.4 GHz,1601370481734079.0,1601396448953826.0,57.9,0.0
1601385949,2020-09-29 13:25:49,,1.0,,DJI OcuSync,281474977710667,active,2466500000.0,ISM 2.4 GHz,1601395746483730.0,1601396452998096.0,211.0,1.0
1601385951,2020-09-29 13:25:51,,1.0,FHSS,DJI Mavic Pro short,303,active,2440000000.0,ISM 2.4 GHz,1601395765031032.0,1601396452851698.0,202.4,0.7
1601385951,2020-09-29 13:25:51,,0.0,FHSS,,298,active,2440000000.0,ISM 2.4 GHz,1601395362446135.0,1601396452967049.0,204.5,1.0
1601385951,2020-09-29 13:25:51,,0.0,FHSS,,299,active,2440000000.0,ISM 2.4 GHz,1601395362452139.0,1601396452981048.0,204.3,2.0
1601385951,2020-09-29 13:25:51,,0.0,FHSS,,301,active,2440000000.0,ISM 2.4 GHz,1601395748658065.0,1601396452977049.0,205.1,0.4
1601385951,2020-09-29 13:25:51,,1.0,FHSS,DJI Mavic Pro long,302,active,2440000000.0,ISM 2.4 GHz,1601395765097032.0,1601396452787769.0,204.6,0.3
1601385951,2020-09-29 13:25:51,,1.0,FHSS,Hubsan,297,active,2440000000.0,ISM 2.4 GHz,1601395367313144.0,1601396452961049.0,205.1,1.4
1601385953,2020-09-29 13:25:53,,1.0,FHSS,"DJI Mavic Mini, MJX R/C Technic",307,active,2440000000.0,ISM 2.4 GHz,1601370481734079.0,1601396454814247.0,,
1601385954,2020-09-29 13:25:54,,1.0,,DJI OcuSync,281474977710667,active,2466500000.0,ISM 2.4 GHz,1601395746483730.0,1601396457658799.0,192.0,2.0
1601385956,2020-09-29 13:25:56,,1.0,FHSS,DJI Mavic Pro short,303,active,2440000000.0,ISM 2.4 GHz,1601395765031032.0,1601396457521698.0,188.4,1.1
1601385956,2020-09-29 13:25:56,,1.0,FHSS,DJI Mavic Pro long,302,active,2440000000.0,ISM 2.4 GHz,1601395765097032.0,1601396457527770.0,189.5,0.3
1601385956,2020-09-29 13:25:56,,1.0,FHSS,Hubsan,297,active,2440000000.0,ISM 2.4 GHz,1601395367313144.0,1601396457641050.0,188.5,0.9
1601385956,2020-09-29 13:25:56,,0.0,FHSS,,298,active,2440000000.0,ISM 2.4 GHz,1601395362446135.0,1601396457657049.0,188.9,1.9
1601385956,2020-09-29 13:25:56,,0.0,FHSS,,299,active,2440000000.0,ISM 2.4 GHz,1601395362452139.0,1601396457661050.0,188.6,1.2
1601385958,2020-09-29 13:25:58,,1.0,,DJI OcuSync,281474977710667,active,2466500000.0,ISM 2.4 GHz,1601395746483730.0,1601396462233233.0,192.0,2.0
1601385962,2020-09-29 13:26:02,,1.0,FHSS,DJI Mavic Pro long,302,active,2440000000.0,ISM 2.4 GHz,1601395765097032.0,1601396461997771.0,,
1601385962,2020-09-29 13:26:02,,0.0,FHSS,,299,active,2440000000.0,ISM 2.4 GHz,1601395362452139.0,1601396462221052.0,157.5,1.5
1601385962,2020-09-29 13:26:02,,1.0,FHSS,Hubsan,297,active,2440000000.0,ISM 2.4 GHz,1601395367313144.0,1601396462161052.0,158.6,0.9
1601385962,2020-09-29 13:26:02,,1.0,,DJI OcuSync,281474977710667,active,2466500000.0,ISM 2.4 GHz,1601395746483730.0,1601396465455349.0,192.0,2.0
1601385962,2020-09-29 13:26:02,,0.0,FHSS,,298,active,2440000000.0,ISM 2.4 GHz,1601395362446135.0,1601396462217053.0,158.1,1.5
1601385963,2020-09-29 13:26:03,,1.0,FHSS,DJI Mavic Pro short,303,active,2440000000.0,ISM 2.4 GHz,1601395765031032.0,1601396463331701.0,,
1601385964,2020-09-29 13:26:04,,0.0,FHSS,,295,active,2440000000.0,ISM 2.4 GHz,1601394906514075.0,1601396466227190.0,,
1601385964,2020-09-29 13:26:04,,1.0,FHSS,Hubsan,297,active,2440000000.0,ISM 2.4 GHz,1601395367313144.0,1601396465481053.0,148.7,0.5
1601385966,2020-09-29 13:26:06,,1.0,,DJI OcuSync,281474977710667,active,2466500000.0,ISM 2.4 GHz,1601395746483730.0,1601396470060655.0,149.0,1.0
1601385968,2020-09-29 13:26:08,,1.0,FHSS,Hubsan,297,active,2440000000.0,ISM 2.4 GHz,1601395367313144.0,1601396469961056.0,150.5,1.2
1601385969,2020-09-29 13:26:09,,0.0,FHSS,,298,active,2440000000.0,ISM 2.4 GHz,1601395362446135.0,1601396470727056.0,148.8,0.2
1601385969,2020-09-29 13:26:09,,0.0,FHSS,,299,active,2440000000.0,ISM 2.4 GHz,1601395362452139.0,1601396470731056.0,148.8,0.4
1601385969,2020-09-29 13:26:09,,1.0,FHSS,Hubsan,297,active,2440000000.0,ISM 2.4 GHz,1601395367313144.0,1601396470721056.0,149.1,0.6
1601385971,2020-09-29 13:26:11,,1.0,,DJI OcuSync,281474977710667,active,2466500000.0,ISM 2.4 GHz,1601395746483730.0,1601396474604411.0,150.0,1.0
1601385973,2020-09-29 13:26:13,,1.0,FHSS,Hubsan,297,active,2440000000.0,ISM 2.4 GHz,1601395367313144.0,1601396474601057.0,136.0,1.5
1601385976,2020-09-29 13:26:16,,1.0,,DJI OcuSync,281474977710667,active,2466500000.0,ISM 2.4 GHz,1601395746483730.0,1601396479397097.0,150.0,1.0
1601385977,2020-09-29 13:26:17,,0.0,FHSS,,298,active,2440000000.0,ISM 2.4 GHz,1601395362446135.0,1601396479287060.0,110.1,0.6
1601385977,2020-09-29 13:26:17,,0.0,FHSS,,299,active,2440000000.0,ISM 2.4 GHz,1601395362452139.0,1601396479301060.0,110.3,0.8
1601385977,2020-09-29 13:26:17,,1.0,FHSS,Hubsan,297,active,2440000000.0,ISM 2.4 GHz,1601395367313144.0,1601396479281061.0,110.2,0.7
1601385980,2020-09-29 13:26:20,,1.0,,DJI OcuSync,281474977710667,active,2466500000.0,ISM 2.4 GHz,1601395746483730.0,1601396483981479.0,150.0,1.0
1601385984,2020-09-29 13:26:24,,0.0,FHSS,,295,active,2440000000.0,ISM 2.4 GHz,1601394906514075.0,1601396486153298.0,145.0,0.2
1601385984,2020-09-29 13:26:24,,0.0,FHSS,Cheerson Leopard 2,258,active,2440000000.0,ISM 2.4 GHz,1601390540422472.0,1601396486121550.0,145.5,0.1
1601385984,2020-09-29 13:26:24,,1.0,FHSS,"DJI Mavic Mini, MJX R/C Technic",307,active,2440000000.0,ISM 2.4 GHz,1601370481734079.0,1601396486145830.0,145.4,0.3
1601385985,2020-09-29 13:26:25,,0.0,FHSS,Cheerson Leopard 2,258,active,2440000000.0,ISM 2.4 GHz,1601390540422472.0,1601396487132061.0,151.9,4.2
1601385985,2020-09-29 13:26:25,,1.0,FHSS,"DJI Mavic Mini, MJX R/C Technic",307,active,2440000000.0,ISM 2.4 GHz,1601370481734079.0,1601396487110756.0,148.9,15.0
1601385985,2020-09-29 13:26:25,,1.0,,DJI OcuSync,281474977710667,active,2466500000.0,ISM 2.4 GHz,1601395746483730.0,1601396488752262.0,150.0,1.0
1601385985,2020-09-29 13:26:25,,0.0,FHSS,,281,active,2440000000.0,ISM 2.4 GHz,1601394214783322.0,1601396487008313.0,150.8,15.0
1601385986,2020-09-29 13:26:26,,0.0,FHSS,,309,active,2440000000.0,ISM 2.4 GHz,1601395891057011.0,1601396488327349.0,146.6,0.0
1601385986,2020-09-29 13:26:26,,0.0,FHSS,Cheerson Leopard 2,258,active,2440000000.0,ISM 2.4 GHz,1601390540422472.0,1601396488137777.0,147.6,1.0
1601385987,2020-09-29 13:26:27,,0.0,FHSS,,299,active,2440000000.0,ISM 2.4 GHz,1601395362452139.0,1601396488711063.0,109.3,0.1
1601385989,2020-09-29 13:26:29,,1.0,,DJI OcuSync,281474977710667,active,2466500000.0,ISM 2.4 GHz,1601395746483730.0,1601396492886480.0,150.0,1.0
1601385994,2020-09-29 13:26:34,,1.0,,DJI OcuSync,281474977710667,active,2466500000.0,ISM 2.4 GHz,1601395746483730.0,1601396498156412.0,109.0,1.0
1601385995,2020-09-29 13:26:35,,0.0,FHSS,,295,active,2440000000.0,ISM 2.4 GHz,1601394906514075.0,1601396493545278.0,,
1601385995,2020-09-29 13:26:35,,0.0,FHSS,Cheerson Leopard 2,258,active,2440000000.0,ISM 2.4 GHz,1601390540422472.0,1601396493169914.0,,
1601385995,2020-09-29 13:26:35,,1.0,FHSS,"DJI Mavic Mini, MJX R/C Technic",307,active,2440000000.0,ISM 2.4 GHz,1601370481734079.0,1601396493188293.0,328.8,0.3
1601385995,2020-09-29 13:26:35,,1.0,FHSS,"DJI Mavic Mini, MJX R/C Technic",307,active,2440000000.0,ISM 2.4 GHz,1601370481734079.0,1601396493535372.0,,
1601385997,2020-09-29 13:26:37,,0.0,FHSS,,299,active,2440000000.0,ISM 2.4 GHz,1601395362452139.0,1601396498611068.0,,
1601385997,2020-09-29 13:26:37,,0.0,FHSS,,298,active,2440000000.0,ISM 2.4 GHz,1601395362446135.0,1601396498607068.0,,
1601385998,2020-09-29 13:26:38,,0.0,FHSS,,281,active,2440000000.0,ISM 2.4 GHz,1601394214783322.0,1601396499773384.0,158.7,0.0
1601385998,2020-09-29 13:26:38,,1.0,FHSS,"DJI Mavic Mini, MJX R/C Technic",307,active,2440000000.0,ISM 2.4 GHz,1601370481734079.0,1601396499760193.0,158.7,0.0
1601385999,2020-09-29 13:26:39,,1.0,,DJI OcuSync,281474977710667,active,2466500000.0,ISM 2.4 GHz,1601395746483730.0,1601396502398412.0,110.0,1.0
1601385999,2020-09-29 13:26:39,,0.0,FHSS,,281,active,2440000000.0,ISM 2.4 GHz,1601394214783322.0,1601396500741103.0,114.6,15.0
1601385999,2020-09-29 13:26:39,,1.0,FHSS,"DJI Mavic Mini, MJX R/C Technic",307,active,2440000000.0,ISM 2.4 GHz,1601370481734079.0,1601396500733707.0,,
1601386000,2020-09-29 13:26:40,,0.0,FHSS,,281,active,2440000000.0,ISM 2.4 GHz,1601394214783322.0,1601396501759217.0,170.1,15.0
1601386000,2020-09-29 13:26:40,,0.0,FHSS,Cheerson Leopard 2,258,active,2440000000.0,ISM 2.4 GHz,1601390540422472.0,1601396501639235.0,159.9,0.0
1601386000,2020-09-29 13:26:40,,1.0,FHSS,"DJI Mavic Mini, MJX R/C Technic",307,active,2440000000.0,ISM 2.4 GHz,1601370481734079.0,1601396501742709.0,159.9,0.0
1601386001,2020-09-29 13:26:41,,1.0,FHSS,"DJI Mavic Mini, MJX R/C Technic",307,active,2440000000.0,ISM 2.4 GHz,1601370481734079.0,1601396502661823.0,,
1601386004,2020-09-29 13:26:44,,1.0,,DJI OcuSync,281474977710668,active,2466500000.0,ISM 2.4 GHz,1601396507266212.0,1601396507266212.0,,
1601386004,2020-09-29 13:26:44,,1.0,,DJI OcuSync,281474977710667,active,2466500000.0,ISM 2.4 GHz,1601395746483730.0,1601396507266212.0,110.0,1.0
1601386008,2020-09-29 13:26:48,,1.0,,DJI OcuSync,281474977710668,active,2466500000.0,ISM 2.4 GHz,1601396507266212.0,1601396511811109.0,80.0,2.0
1601386013,2020-09-29 13:26:53,,1.0,,DJI OcuSync,281474977710668,active,2466500000.0,ISM 2.4 GHz,1601396507266212.0,1601396516395680.0,80.0,2.0
1601386017,2020-09-29 13:26:57,,1.0,,DJI OcuSync,281474977710668,active,2466500000.0,ISM 2.4 GHz,1601396507266212.0,1601396520489299.0,69.0,1.0
1601386021,2020-09-29 13:27:01,,1.0,,DJI OcuSync,281474977710668,active,2466500000.0,ISM 2.4 GHz,1601396507266212.0,1601396525125922.0,66.0,1.0
1601386026,2020-09-29 13:27:06,,1.0,,DJI OcuSync,281474977710668,active,2466500000.0,ISM 2.4 GHz,1601396507266212.0,1601396529490579.0,65.0,1.0
1601386030,2020-09-29 13:27:10,,1.0,,DJI OcuSync,281474977710668,active,2466400000.0,ISM 2.4 GHz,1601396507266212.0,1601396533830276.0,67.0,1.0
1601386032,2020-09-29 13:27:12,,0.0,FHSS,Cheerson Leopard 2,314,active,2440000000.0,ISM 2.4 GHz,1601390540422472.0,1601396533338860.0,,
1601386032,2020-09-29 13:27:12,,1.0,FHSS,DJI Mavic Mini,315,active,2440000000.0,ISM 2.4 GHz,1601370481734079.0,1601396533434949.0,,
1601386032,2020-09-29 13:27:12,,1.0,FHSS,DJI Mavic Pro long,316,active,2440000000.0,ISM 2.4 GHz,1601395765097032.0,1601396533397802.0,,
1601386032,2020-09-29 13:27:12,,1.0,FHSS,DJI Mavic Pro long,316,active,2440000000.0,ISM 2.4 GHz,1601395765097032.0,1601396533677802.0,64.8,0.0
1601386032,2020-09-29 13:27:12,,1.0,FHSS,DJI Mavic Pro short,317,active,2440000000.0,ISM 2.4 GHz,1601395765031032.0,1601396533461730.0,,
